build_time,test_failures,code_changes,past_failures,deploy_time,label
190,8,48,5,581,1
250,6,33,1,784,1
116,0,34,0,362,0
120,3,28,2,717,0
176,1,13,1,824,0
114,7,67,5,826,1
262,10,37,2,140,1
73,6,55,5,475,1
171,4,22,5,193,0
257,3,59,4,132,0
336,5,83,4,474,1
190,6,14,3,887,1
201,0,62,5,690,1
193,10,24,4,668,1
175,1,37,3,204,0
297,7,14,5,802,1
346,8,45,5,562,1
78,9,58,1,661,1
203,10,11,4,725,1
99,8,92,2,705,1
357,9,55,3,759,1
95,8,69,5,439,1
128,0,12,4,271,0
174,3,67,4,171,0
74,5,36,2,712,0
138,6,8,5,249,1
370,3,50,3,416,1
139,3,54,1,371,0
386,0,91,5,176,1
251,8,60,0,446,1
298,10,7,0,650,1
77,0,89,3,833,0
69,2,34,2,349,0
392,3,9,0,225,0
298,9,35,5,380,1
129,2,36,0,736,0
334,5,23,2,413,1
273,0,26,0,680,0
330,9,81,1,776,1
212,2,91,3,696,1
122,1,62,1,815,0
229,10,81,5,636,1
95,4,63,5,484,1
323,3,5,0,355,0
75,9,62,3,318,1
145,8,38,0,243,0
341,7,28,4,131,1
190,2,2,4,337,0
393,4,40,5,353,1
278,1,44,0,582,0
195,1,23,1,766,0
52,0,20,3,790,0
205,6,77,5,231,1
300,9,20,2,143,1
114,3,87,1,199,0
216,8,75,4,472,1
107,6,79,0,404,0
191,8,42,1,113,0
242,0,75,3,866,1
215,5,74,0,795,1
167,2,10,5,422,0
196,2,73,2,597,0
242,10,38,5,561,1
224,5,1,2,586,0
98,0,67,2,718,0
354,5,85,3,419,1
80,3,13,4,873,0
348,1,14,0,185,0
166,5,19,1,213,0
211,5,49,4,697,1
208,9,45,0,537,1
182,3,15,2,735,0
184,7,61,1,318,0
275,6,48,5,338,1
352,8,62,5,360,1
319,10,54,2,748,1
214,9,13,2,521,1
268,0,98,3,532,0
180,4,40,1,798,0
348,1,86,0,228,0
221,8,30,0,883,1
147,5,98,4,220,1
246,4,35,4,830,1
60,2,29,4,898,0
284,0,14,4,450,0
187,1,73,2,772,0
225,8,14,5,153,1
255,7,13,4,658,1
187,1,85,5,770,1
219,7,33,1,737,1
157,10,77,0,653,1
83,0,94,4,172,0
274,2,13,4,429,0
138,7,9,4,204,0
223,10,29,1,152,1
118,3,33,3,609,0
87,5,89,5,162,1
76,8,23,3,190,0
238,4,28,4,755,1
374,8,4,5,375,1
302,6,95,3,895,1
116,2,53,2,748,0
354,3,58,5,570,1
304,6,1,5,140,1
221,1,11,0,212,0
90,3,6,4,359,0
178,1,9,3,167,0
169,2,38,3,206,0
219,1,33,4,808,1
120,10,4,1,746,1
175,7,53,2,355,1
159,5,55,2,566,0
219,10,98,5,450,1
261,10,3,5,800,1
54,3,24,3,856,0
225,10,39,3,423,1
336,9,40,4,286,1
292,10,24,0,656,1
214,0,1,1,352,0
63,0,73,4,721,0
280,10,20,0,151,0
204,7,85,4,436,1
75,4,56,2,438,0
165,1,25,5,340,0
73,0,16,4,491,0
391,2,70,3,137,0
370,9,50,5,230,1
222,8,77,5,499,1
375,3,68,5,641,1
111,7,84,2,752,1
335,3,25,2,497,0
126,1,22,3,321,0
110,2,30,3,822,0
104,9,72,2,787,1
134,9,48,1,477,1
202,2,94,0,204,0
63,0,63,0,502,0
266,9,12,5,597,1
191,9,86,0,361,1
331,7,45,4,366,1
360,5,4,4,402,1
142,1,49,4,794,0
286,1,92,5,329,1
113,5,42,5,373,1
59,6,95,2,300,0
97,10,99,1,144,1
380,5,63,1,570,1
198,4,75,2,200,0
259,1,27,1,125,0
158,2,84,1,175,0
357,9,50,2,467,1
365,1,58,2,171,0
262,7,97,3,141,1
197,3,6,5,882,1
287,8,60,5,549,1
220,8,96,5,259,1
144,1,90,0,384,0
252,3,31,1,741,0
259,1,44,4,759,1
317,8,1,1,334,1
152,9,75,1,252,1
208,9,50,3,338,1
163,4,31,5,652,1
110,0,54,4,400,0
309,0,18,1,711,0
279,5,75,2,275,1
153,4,58,5,692,1
117,6,72,2,190,0
391,3,92,2,202,1
255,10,9,2,630,1
90,6,69,5,114,1
354,8,95,3,361,1
63,0,89,0,389,0
354,2,85,4,360,1
375,1,15,2,257,0
77,5,69,3,475,0
301,10,2,1,197,1
309,10,91,2,515,1
281,2,16,2,474,0
79,6,18,2,315,0
324,4,74,1,831,1
190,9,74,0,394,1
114,8,6,1,652,0
85,8,7,0,315,0
286,1,75,5,349,1
65,0,66,1,634,0
61,2,33,3,182,0
235,5,80,0,514,0
398,0,82,3,100,0
358,1,56,3,598,1
270,7,38,1,664,1
318,5,24,2,408,1
123,5,43,2,869,1
173,8,65,4,529,1
292,2,20,2,760,0
375,7,3,5,755,1
304,6,10,1,670,1
180,1,6,1,102,0
264,4,20,4,803,1
345,8,97,2,534,1
107,4,74,0,128,0
328,1,90,5,281,1
398,6,51,2,485,1
315,2,58,5,128,1
296,10,31,1,325,1
359,3,87,3,149,1
139,4,62,2,482,0
50,2,43,3,460,0
307,9,72,4,134,1
208,2,85,5,632,1
138,0,97,3,333,0
217,6,83,1,176,0
258,0,19,0,394,0
373,5,60,3,174,1
363,5,49,5,386,1
106,7,52,0,524,0
230,1,50,3,685,0
298,0,47,4,512,0
112,2,49,4,742,0
323,4,39,3,277,1
62,4,33,1,877,0
238,8,51,2,220,1
208,10,34,4,456,1
168,5,63,3,872,1
314,5,100,1,394,1
247,8,73,3,532,1
188,2,11,2,379,0
323,9,92,4,740,1
301,0,92,3,541,0
324,7,45,2,555,1
400,9,78,4,274,1
110,2,93,4,384,0
243,10,90,4,541,1
192,9,45,1,736,1
330,1,40,0,782,0
123,10,42,5,515,1
317,2,56,3,300,0
332,5,5,4,117,1
169,5,67,5,673,1
147,5,77,3,548,1
294,4,14,0,141,0
139,10,71,4,511,1
161,5,61,1,263,0
389,5,34,5,370,1
115,9,37,0,544,0
250,2,67,1,275,0
94,8,18,4,447,1
329,5,54,2,875,1
232,3,10,1,728,0
111,3,51,3,629,0
200,1,82,4,159,0
238,3,86,2,511,0
373,2,45,1,281,0
179,0,38,0,861,0
253,10,20,2,436,1
200,1,41,4,743,0
360,4,41,2,159,0
90,4,26,2,586,0
356,10,93,2,315,1
154,3,49,4,785,1
214,3,10,4,327,0
77,6,22,3,344,0
86,3,58,3,156,0
396,8,39,2,531,1
341,9,100,5,859,1
322,4,4,0,168,0
102,4,47,2,489,0
71,2,70,4,425,0
329,4,93,4,599,1
92,8,90,3,722,1
94,6,7,1,884,0
249,0,69,1,393,0
178,1,19,1,550,0
94,7,43,0,745,0
217,3,85,2,805,1
243,5,5,2,102,0
365,3,8,1,192,0
177,3,91,1,445,0
204,4,49,1,868,1
187,6,40,2,864,1
142,8,21,0,747,0
210,7,54,2,190,0
61,7,17,2,545,0
210,2,86,2,807,1
251,10,41,0,870,1
395,2,43,2,804,1
106,8,79,5,289,1
305,9,21,1,237,1
307,1,10,0,411,0
94,2,37,4,601,0
290,2,60,1,176,0
188,7,6,4,327,1
332,7,12,2,773,1
87,6,39,1,769,0
232,7,50,4,107,1
392,9,21,1,364,1
114,8,32,0,805,1
87,2,54,4,295,0
183,8,9,4,434,1
364,8,18,4,394,1
52,10,52,4,294,1
351,0,2,0,692,0
302,2,99,0,492,0
313,8,56,1,834,1
249,9,13,4,854,1
356,5,29,0,386,0
144,2,61,5,199,0
179,4,8,2,667,0
80,10,22,4,168,1
390,3,43,3,423,1
118,9,33,0,896,1
286,6,32,5,735,1
72,9,61,4,658,1
381,0,18,0,534,0
349,1,57,0,881,0
255,1,49,1,399,0
311,1,35,5,379,1
296,6,29,3,287,1
391,8,16,1,128,1
195,3,44,5,569,1
192,5,33,3,681,1
188,3,99,3,466,1
147,1,51,4,858,1
177,4,18,2,430,0
332,10,78,0,252,1
321,3,60,3,266,0
230,0,9,2,343,0
187,6,76,4,742,1
269,5,51,0,414,0
135,10,62,3,846,1
213,9,76,3,194,1
167,7,100,1,666,1
327,4,89,4,541,1
389,10,76,3,810,1
68,3,92,4,245,0
215,8,76,0,569,1
184,7,15,3,850,1
257,0,35,3,376,0
326,1,8,2,189,0
371,9,92,5,528,1
222,6,1,3,877,1
116,3,61,1,748,0
261,5,95,2,568,1
98,5,89,4,290,1
99,7,49,3,259,0
141,3,87,3,696,1
97,1,9,0,252,0
346,3,55,0,649,0
220,2,76,1,883,0
281,1,50,4,597,1
344,8,47,3,302,1
261,0,73,1,559,0
88,9,65,0,227,0
358,1,98,4,520,1
337,4,25,1,459,0
388,1,46,1,135,0
137,7,66,0,585,0
339,5,23,3,897,1
278,4,26,1,861,1
332,8,99,0,344,1
185,7,40,3,272,1
181,7,91,5,364,1
299,8,72,3,689,1
342,10,35,1,637,1
362,9,11,2,719,1
260,0,13,0,176,0
141,6,26,0,674,0
268,5,21,3,238,0
266,9,55,1,838,1
143,3,47,5,869,1
254,4,3,4,364,0
307,3,26,4,582,1
287,4,88,0,569,0
54,6,97,0,893,1
127,8,28,4,776,1
264,10,85,1,800,1
148,3,76,0,509,0
356,2,11,5,467,1
192,10,87,5,681,1
97,10,90,5,180,1
262,8,82,3,292,1
367,8,90,5,859,1
365,8,64,0,675,1
257,9,22,3,317,1
326,6,57,1,664,1
111,4,4,4,766,1
105,9,11,4,791,1
112,7,94,2,224,0
106,9,91,1,800,1
82,8,88,1,151,0
239,3,56,3,665,1
373,1,13,4,313,0
371,5,98,4,779,1
261,4,42,1,625,0
193,4,64,3,662,1
81,4,74,5,264,0
255,8,39,4,873,1
325,10,36,2,233,1
209,7,25,3,251,1
290,5,2,5,771,1
63,3,12,3,614,0
274,7,61,5,134,1
107,10,50,5,653,1
367,9,2,5,514,1
294,6,7,3,100,0
175,9,83,4,416,1
184,6,1,3,652,1
162,0,65,0,716,0
166,1,92,0,680,0
54,2,61,4,332,0
311,6,80,3,507,1
151,2,9,0,110,0
265,8,65,1,896,1
342,2,15,3,665,1
385,2,70,4,536,1
208,2,64,3,405,0
373,2,26,1,864,1
355,4,79,5,306,1
318,7,74,3,210,1
356,3,81,3,855,1
235,6,42,4,496,1
245,1,84,4,712,1
264,5,99,2,278,1
362,10,41,2,468,1
176,7,11,2,874,1
96,0,89,2,590,0
255,3,55,4,615,1
354,9,62,0,867,1
311,5,18,2,313,0
333,5,91,5,757,1
116,5,39,0,874,0
296,3,88,5,254,1
130,2,40,1,723,0
165,9,53,3,702,1
286,0,53,1,163,0
163,1,54,4,897,1
388,10,87,2,368,1
269,10,10,4,390,1
129,7,50,2,840,1
360,8,70,5,589,1
290,4,74,4,467,1
260,0,47,1,552,0
354,10,74,3,760,1
69,5,79,5,609,1
282,3,34,0,693,0
146,6,47,4,213,1
69,2,30,4,305,0
166,8,38,0,660,1
341,3,90,5,286,1
52,7,88,2,823,1
241,1,69,0,658,0
324,10,27,4,156,1
222,6,62,3,413,1
163,5,92,1,153,0
158,6,47,0,165,0
211,4,1,1,421,0
388,4,37,4,243,1
171,4,24,0,603,0
388,2,37,0,116,0
319,7,13,0,186,0
161,5,95,0,404,0
155,5,68,2,192,0
198,8,79,0,651,1
232,2,67,2,711,0
128,5,90,2,276,0
331,1,5,1,610,0
58,2,69,1,853,0
189,5,100,4,778,1
259,5,31,4,553,1
355,9,78,4,331,1
290,2,34,1,490,0
277,0,71,3,830,1
140,7,42,2,253,0
379,9,21,0,749,1
397,10,99,5,420,1
69,0,17,1,165,0
363,4,15,4,222,1
287,10,81,2,104,1
289,7,28,5,739,1
314,8,21,4,888,1
231,1,28,2,406,0
225,8,52,4,823,1
396,5,67,1,617,1
124,4,67,1,889,0
137,4,26,4,823,1
222,7,73,1,164,0
333,8,47,5,193,1
265,4,21,2,570,0
221,6,16,1,610,0
217,8,16,1,256,0
396,2,34,4,436,1
354,9,99,3,564,1
221,8,42,1,318,1
152,7,98,2,434,1
360,6,63,3,626,1
312,4,21,1,138,0
333,9,98,3,369,1
349,5,65,2,757,1
301,7,91,2,267,1
157,8,97,0,670,1
295,4,13,3,869,1
197,8,95,4,667,1
73,6,19,4,371,0
306,4,66,3,698,1
339,0,3,0,166,0
92,0,8,4,884,0
249,10,73,2,327,1
320,0,85,4,761,1
138,1,43,3,504,0
342,6,94,2,690,1
237,4,34,3,372,0
190,0,89,2,538,0
152,5,18,5,562,1
57,10,99,0,268,0
257,2,99,4,691,1
109,6,24,2,105,0
257,7,21,1,441,0
122,8,20,1,480,0
159,2,10,0,578,0
308,7,82,1,838,1
92,10,99,1,386,1
212,7,82,1,411,1
240,10,45,5,354,1
120,9,66,4,408,1
66,2,78,4,865,1
245,10,2,3,192,1
97,8,99,4,299,1
142,2,75,2,634,0
271,0,96,0,218,0
88,0,92,0,517,0
125,0,96,2,871,0
82,10,59,0,210,0
306,3,41,1,790,0
62,7,89,5,141,1
68,4,77,5,731,1
232,9,93,2,695,1
190,3,23,0,365,0
107,0,74,0,569,0
367,4,82,5,735,1
181,0,58,3,572,0
225,5,78,0,597,0
367,10,72,4,489,1
207,7,80,3,326,1
199,3,71,4,468,1
334,1,53,4,714,1
75,2,52,1,818,0
307,6,100,2,370,1
380,10,74,1,372,1
363,3,84,2,152,0
138,6,82,1,136,0
226,10,25,2,784,1
309,5,42,0,648,0
259,1,20,5,512,0
79,3,69,2,531,0
314,6,27,5,690,1
65,4,23,0,760,0
155,7,27,2,832,1
236,6,59,0,383,0
174,9,87,2,842,1
262,5,95,3,457,1
218,8,18,5,394,1
214,9,91,5,439,1
138,4,81,4,469,1
229,0,79,2,392,0
94,4,10,4,380,0
241,0,17,4,734,0
231,4,2,4,371,0
84,3,73,1,868,0
71,7,28,0,161,0
142,1,82,5,886,1
237,1,86,4,656,1
259,10,23,5,778,1
254,3,87,3,542,1
263,5,6,2,721,1
68,2,57,3,514,0
257,4,10,4,851,1
284,5,79,4,450,1
51,9,42,3,156,0
283,4,96,2,523,1
351,5,98,5,706,1
333,3,72,1,747,1
353,8,90,4,137,1
240,10,36,4,551,1
359,7,35,4,880,1
212,8,74,5,449,1
213,7,27,3,158,0
305,4,69,5,341,1
182,4,3,3,679,0
53,7,30,5,752,1
378,3,84,3,297,1
358,4,53,1,460,0
175,4,2,5,746,1
189,10,41,3,128,1
164,3,85,2,673,0
286,4,86,0,688,1
289,0,19,2,371,0
390,5,8,5,501,1
154,4,98,2,421,0
62,8,3,1,205,0
350,5,27,4,749,1
106,4,95,3,869,1
333,7,68,1,364,1
329,0,98,0,792,0
159,9,41,0,583,1
339,4,13,5,618,1
235,4,49,3,351,0
271,4,82,2,287,0
246,7,4,5,494,1
276,9,25,0,355,1
378,3,60,5,495,1
137,3,99,3,764,1
153,2,90,5,144,0
223,0,86,2,504,0
400,4,3,5,520,1
275,7,81,0,814,1
366,0,2,0,244,0
319,10,45,5,687,1
121,6,84,4,305,1
389,8,15,3,327,1
181,6,11,3,660,1
267,9,92,5,654,1
65,0,11,5,176,0
107,5,27,0,834,0
57,9,96,0,746,1
144,1,86,5,389,0
375,6,36,5,324,1
338,10,31,3,614,1
131,3,16,1,533,0
131,2,23,2,148,0
322,0,10,1,478,0
195,7,42,0,606,0
161,0,90,1,331,0
79,8,39,1,216,0
358,10,61,5,887,1
202,5,78,5,323,1
293,8,7,4,804,1
292,9,68,5,436,1
373,6,20,5,449,1
73,9,100,0,464,1
151,0,74,3,543,0
187,9,21,2,536,1
125,10,42,2,531,1
288,5,64,2,290,1
162,7,100,5,704,1
393,2,80,1,836,1
107,5,90,2,721,1
208,1,69,2,424,0
317,10,41,2,434,1
376,4,46,4,235,1
76,10,26,5,441,1
225,5,45,1,535,0
305,3,16,5,491,1
293,5,38,1,797,1
379,3,63,2,465,1
321,0,29,3,107,0
114,2,78,3,750,0
160,7,69,1,814,1
341,0,6,0,616,0
212,3,4,1,349,0
349,1,9,2,467,0
100,1,81,3,138,0
126,6,9,5,881,1
294,10,2,2,800,1
83,7,99,5,189,1
296,2,36,5,400,1
134,8,54,1,574,1
60,6,87,5,210,1
359,4,98,5,604,1
255,4,81,5,200,1
186,8,2,1,424,0
157,0,16,0,448,0
104,3,46,1,128,0
258,6,60,0,789,1
211,6,55,1,625,1
188,2,61,3,111,0
372,4,50,0,558,0
87,4,50,0,487,0
65,2,15,2,351,0
330,7,82,1,801,1
179,8,8,3,299,1
89,1,39,5,286,0
356,7,82,0,204,1
201,10,79,0,219,1
56,4,36,1,715,0
376,1,43,4,475,1
67,1,11,2,680,0
349,3,17,2,629,1
107,9,74,0,450,0
322,5,81,3,214,1
319,1,18,0,333,0
260,0,15,5,144,0
133,9,97,1,349,1
361,2,4,2,718,0
100,8,41,4,169,1
308,3,57,3,151,0
323,6,42,3,882,1
157,1,82,2,181,0
306,3,32,1,500,0
331,5,8,2,659,1
298,10,67,2,865,1
369,9,89,3,471,1
214,2,100,4,812,1
383,2,80,5,390,1
384,2,63,4,591,1
366,4,100,0,682,1
138,0,3,0,455,0
210,8,90,2,642,1
316,7,51,0,269,0
62,5,89,3,490,0
77,1,75,0,639,0
103,2,23,0,652,0
58,8,92,3,460,1
147,6,16,3,788,1
329,3,55,4,402,1
180,5,87,2,892,1
167,4,23,3,435,0
140,8,38,1,107,0
85,1,91,4,557,0
129,6,12,1,467,0
303,4,19,0,438,0
352,10,84,0,258,1
397,2,97,5,309,1
285,5,83,4,588,1
382,8,32,2,554,1
327,3,56,4,337,1
316,4,57,2,526,1
174,3,46,3,448,0
266,6,6,5,243,1
260,5,85,3,382,1
192,6,89,4,748,1
301,5,16,1,866,1
210,5,66,2,578,1
215,10,9,2,341,1
324,5,33,2,376,1
320,0,6,4,283,0
189,0,56,1,348,0
101,3,44,4,771,1
164,2,19,1,185,0
235,2,2,2,518,0
205,7,48,2,262,0
394,10,7,0,822,1
320,6,43,2,402,1
378,4,69,4,107,1
277,10,20,4,809,1
56,0,31,0,870,0
112,6,14,3,750,1
201,4,94,4,660,1
170,5,86,0,171,0
73,9,60,5,269,1
224,7,51,3,341,1
287,1,97,2,878,1
201,9,73,1,514,1
195,8,54,4,636,1
202,1,71,5,405,0
77,5,74,1,242,0
247,0,9,2,886,0
363,2,24,1,567,0
154,8,46,5,452,1
359,0,11,0,462,0
254,10,69,5,388,1
391,10,10,0,286,1
77,10,58,4,743,1
344,2,37,3,244,0
334,0,23,1,202,0
91,6,74,3,376,1
220,0,41,5,199,0
184,2,69,0,559,0
134,1,3,5,422,0
375,2,71,3,168,0
79,8,72,1,496,1
318,10,94,0,713,1
146,0,49,3,498,0
202,10,46,3,856,1
240,6,72,4,496,1
343,3,68,5,700,1
83,1,77,0,864,0
247,8,28,0,607,1
308,7,45,1,680,1
264,10,48,4,763,1
261,7,52,1,349,1
226,5,85,3,338,1
242,4,95,3,721,1
193,4,24,4,845,1
308,1,69,0,833,0
96,2,57,3,133,0
296,10,35,0,744,1
398,2,34,3,868,1
175,8,6,0,683,0
290,0,48,4,790,1
319,9,4,5,317,1
366,10,98,5,242,1
349,6,16,3,291,1
224,3,91,1,871,1
358,8,50,0,601,1
234,9,50,2,437,1
165,2,24,0,268,0
136,0,66,4,667,0
316,8,35,0,222,0
159,8,32,0,317,0
251,8,23,3,423,1
58,9,16,1,106,0
87,3,12,2,708,0
366,2,26,4,762,1
164,7,32,1,150,0
358,10,38,2,795,1
378,0,82,1,861,1
95,5,68,4,542,1
342,0,26,1,293,0
328,0,81,1,482,0
349,5,26,5,393,1
337,5,89,4,648,1
342,2,78,2,247,0
288,1,66,5,613,1
148,0,87,3,509,0
248,3,58,5,306,1
151,9,82,0,196,0
83,9,24,2,842,1
269,1,20,2,843,0
291,2,25,2,773,0
198,5,6,1,337,0
350,10,27,1,363,1
273,10,9,0,652,1
388,0,13,3,591,0
204,2,89,3,174,0
75,7,21,3,460,0
175,7,77,5,278,1
286,6,68,0,696,1
371,2,29,5,248,1
363,0,46,3,869,1
290,8,24,0,240,0
171,2,12,0,171,0
124,10,90,2,249,1
72,3,93,1,569,0
316,1,66,1,385,0
364,7,23,0,762,1
194,3,1,1,341,0
227,1,22,0,771,0
369,7,85,2,256,1
324,4,71,0,675,1
384,3,89,5,719,1
138,4,17,0,659,0
122,10,12,3,739,1
367,6,73,4,842,1
109,6,3,3,203,0
226,3,25,5,655,1
238,10,12,2,378,1
108,6,9,4,171,0
65,1,65,4,620,0
362,3,75,3,652,1
274,6,29,0,833,1
381,0,15,3,478,0
211,7,82,0,434,0
55,7,2,5,650,1
156,3,1,4,586,0
182,7,62,1,584,1
313,0,35,4,224,0
72,0,98,5,370,0
50,9,25,5,504,1
139,1,93,2,839,0
67,7,7,1,225,0
268,3,35,4,233,0
264,6,58,4,170,1
128,1,9,1,329,0
265,9,52,0,437,1
358,2,68,1,461,0
72,6,36,1,898,0
311,9,24,1,126,1
250,8,70,0,718,1
376,0,43,5,739,1
64,7,97,2,395,1
256,1,50,4,794,1
70,1,18,4,269,0
256,3,74,1,407,0
292,3,7,4,646,1
270,2,1,3,450,0
79,10,34,3,589,1
371,10,81,4,490,1
120,7,79,5,624,1
293,6,34,2,508,1
110,5,95,2,533,0
394,0,57,2,805,1
197,7,42,5,521,1
114,5,59,1,694,0
217,1,82,4,228,0
77,0,74,5,779,0
74,5,56,5,533,1
205,8,20,2,358,1
71,2,49,3,843,0
92,9,3,3,750,1
346,3,76,0,172,0
336,9,27,5,670,1
82,6,98,5,258,1
385,0,56,5,659,1
169,10,61,1,397,1
344,4,72,3,689,1
62,7,13,3,492,0
82,9,95,2,759,1
259,4,88,0,660,0
96,3,88,0,156,0
391,6,25,3,696,1
245,2,27,5,387,0
381,4,85,4,733,1
194,7,35,5,690,1
346,1,100,0,868,0
357,10,36,3,118,1
141,1,15,1,566,0
182,3,25,1,158,0
145,0,3,2,668,0
150,0,96,2,329,0
94,6,62,5,522,1
389,4,44,5,758,1
179,6,34,4,762,1
300,10,51,3,266,1
388,10,66,3,259,1
324,4,96,2,493,1
85,7,6,1,595,0
246,6,7,3,557,1
141,2,3,5,620,0
358,7,93,2,575,1
259,5,12,2,281,0
238,9,22,0,257,0
297,3,50,4,737,1
358,3,21,0,382,0
240,9,41,3,562,1
381,5,44,0,705,1
145,1,81,3,292,0
275,10,83,0,126,1
371,7,79,3,489,1
367,9,80,5,879,1
142,1,34,0,854,0
306,3,75,5,446,1
324,0,27,0,678,0
326,5,100,0,163,0
332,4,7,5,247,1
179,4,97,2,357,0
77,6,53,5,202,1
244,8,65,3,346,1
166,8,64,3,619,1
323,2,68,3,185,0
233,4,44,5,254,1
400,1,55,1,273,0
337,9,45,0,595,1
191,1,67,2,346,0
109,10,56,3,573,1
73,7,91,3,575,1
167,0,24,2,731,0
370,5,19,2,525,1
333,5,8,2,461,1
76,5,79,1,883,1
312,6,83,5,395,1
158,0,24,5,389,0
306,8,11,4,437,1
340,1,32,4,609,1
233,1,93,3,483,0
265,10,44,0,722,1
88,3,41,2,823,0
155,4,9,4,248,0
353,0,54,3,663,0
146,8,52,1,815,1
76,7,79,5,267,1
357,6,17,3,366,1
205,7,7,1,542,0
87,6,5,1,323,0
339,9,32,2,262,1
225,3,73,4,396,1
231,9,17,0,691,1
267,5,86,3,502,1
254,9,48,3,149,1
322,8,32,4,371,1
301,7,17,5,206,1
237,8,56,4,582,1
190,6,79,5,347,1
276,8,22,4,655,1
157,2,75,2,869,0
139,7,100,4,703,1
126,5,47,4,807,1
66,7,35,4,283,1
95,7,71,3,477,1
373,6,55,2,512,1
56,5,50,1,140,0
337,1,76,5,535,1
389,3,73,2,175,0
317,0,39,0,787,0
270,2,25,2,770,0
296,10,75,4,513,1
254,0,31,4,781,0
188,2,56,2,511,0
189,10,33,4,390,1
203,7,41,3,319,1
167,0,22,5,441,0
226,4,30,5,226,1
264,10,95,5,320,1
162,6,79,1,155,0
150,7,27,5,185,1
399,6,19,4,190,1
60,0,33,5,730,0
364,7,30,1,151,0
370,5,37,2,264,1
255,7,2,3,602,1
139,8,70,2,298,1
316,9,28,4,756,1
264,3,14,2,674,0
93,2,45,0,631,0
312,9,93,5,430,1
398,9,14,3,393,1
369,6,25,0,305,0
393,3,98,0,718,1
267,3,5,0,661,0
398,4,79,4,517,1
52,4,9,0,364,0
230,10,10,3,729,1
352,9,28,2,846,1
228,5,5,1,762,0
212,2,41,3,498,0
350,5,2,5,406,1
261,5,16,1,756,1
121,10,96,0,694,1
394,5,36,0,269,0
247,8,37,3,514,1
251,1,88,3,676,1
380,4,35,2,232,0
315,5,58,3,553,1
196,2,5,1,717,0
262,2,44,3,755,1
59,1,24,5,868,0
329,6,83,2,327,1
182,5,8,2,141,0
374,3,63,3,309,1
140,3,20,3,202,0
162,3,32,3,838,1
337,0,60,2,776,0
196,9,29,2,529,1
315,6,34,0,509,0
93,5,66,4,373,1
250,10,84,3,156,1
109,0,43,5,696,0
158,7,90,4,107,1
245,1,66,4,132,0
101,0,69,5,485,0
171,4,68,1,358,0
212,5,45,1,104,0
108,2,27,5,517,0
130,5,29,1,545,0
183,3,88,0,296,0
98,7,25,0,153,0
115,3,8,2,298,0
301,4,28,0,575,0
340,3,67,5,308,1
118,3,27,2,554,0
339,4,37,3,521,1
60,6,80,2,499,0
131,7,42,2,560,1
55,0,59,0,869,0
237,8,96,3,899,1
196,6,18,1,808,1
128,1,26,0,900,0
240,3,52,3,463,0
276,6,47,3,657,1
252,9,67,5,638,1
271,4,76,2,162,0
84,9,37,5,257,1
128,2,18,1,300,0
317,0,55,4,363,0
382,5,4,2,254,0
140,8,89,5,132,1
137,4,3,2,643,0
143,6,31,2,332,0
58,3,85,2,731,0
342,4,100,4,604,1
228,10,73,0,265,1
387,1,2,2,891,1
216,0,83,5,380,0
151,3,75,4,628,1
297,8,93,5,483,1
194,0,28,0,473,0
117,7,87,1,861,1
129,7,55,3,200,0
210,5,95,1,603,1
179,8,71,1,297,1
210,8,49,1,507,1
390,8,92,0,292,1
276,7,12,1,581,1
249,8,25,3,873,1
346,2,37,5,224,1
184,4,76,3,466,1
237,3,25,4,501,1
357,7,49,2,275,1
327,8,7,1,368,1
167,1,14,3,437,0
276,1,56,5,370,1
224,1,89,1,653,0
389,7,91,5,153,1
150,9,88,5,174,1
165,0,36,0,791,0
324,2,61,4,515,1
351,5,49,5,571,1
393,9,67,1,842,1
232,3,94,2,258,0
155,7,22,4,309,1
238,4,97,1,382,0
284,9,61,4,367,1
52,4,54,4,237,0
223,7,82,4,602,1
160,5,52,5,727,1
251,8,94,2,425,1
260,3,11,4,368,0
330,5,86,5,473,1
106,8,1,2,107,0
375,7,8,5,114,1
191,0,85,1,885,0
62,8,80,2,439,1
263,8,89,4,154,1
290,10,85,2,394,1
111,3,71,2,420,0
383,0,44,2,280,0
173,0,12,2,515,0
267,0,30,2,727,0
295,1,46,0,126,0
167,2,99,1,871,0
167,10,22,1,583,1
223,7,60,5,701,1
278,10,26,5,394,1
264,3,93,1,756,1
350,10,67,3,548,1
254,2,8,0,627,0
171,6,41,1,581,0
397,10,77,0,890,1
295,7,66,4,508,1
59,10,25,0,269,0
81,0,89,5,816,1
142,8,64,0,710,1
376,7,92,1,478,1
150,3,24,5,499,0
115,6,25,5,608,1
382,0,98,2,575,0
251,2,53,2,653,0
323,10,43,0,108,1
72,4,47,4,638,1
255,7,94,5,823,1
109,2,59,2,281,0
306,0,99,5,735,1
313,9,65,4,307,1
388,9,31,2,652,1
310,5,87,4,497,1
279,9,75,1,790,1
175,4,41,2,459,0
235,5,82,5,445,1
252,8,93,0,105,0
233,10,68,1,485,1
245,9,63,1,460,1
177,8,58,0,864,1
182,0,74,0,344,0
369,10,41,0,660,1
202,7,51,3,352,1
245,10,35,5,214,1
150,0,20,2,611,0
341,0,69,1,282,0
265,6,64,0,356,0
130,0,82,0,290,0
224,10,86,3,786,1
279,7,12,0,497,0
215,9,94,0,455,1
98,5,64,2,190,0
243,2,96,4,371,1
174,2,44,3,130,0
300,8,61,1,163,1
236,9,54,1,510,1
86,7,85,1,397,0
260,1,37,5,393,0
376,4,11,0,255,0
106,2,53,2,790,0
348,5,73,1,880,1
130,10,29,4,239,1
92,3,22,5,768,1
203,10,57,2,390,1
217,0,72,5,830,1
280,1,97,0,110,0
89,9,1,3,139,0
77,10,10,2,407,1
75,7,55,2,813,1
353,3,42,0,713,0
332,4,1,3,686,1
380,5,30,3,128,1
268,10,14,0,325,1
113,3,51,2,266,0
156,2,68,2,885,0
215,7,62,2,690,1
100,7,17,3,841,1
222,6,98,0,712,1
234,3,41,4,321,0
171,5,6,3,187,0
205,2,14,2,737,0
117,8,61,1,409,0
264,4,24,0,851,0
307,10,5,4,559,1
107,6,51,5,874,1
333,4,31,5,876,1
70,3,62,1,341,0
290,4,94,0,436,0
128,3,90,0,565,0
63,5,75,5,345,1
166,5,32,3,256,0
392,3,39,3,325,1
360,0,97,5,771,1
316,7,84,4,523,1
311,3,54,2,401,0
85,9,13,5,731,1
262,0,41,3,717,0
61,9,27,0,798,1
289,4,10,2,670,1
280,5,90,4,508,1
177,5,16,0,140,0
220,3,23,2,241,0
288,7,51,0,679,1
99,0,78,1,491,0
324,2,38,5,229,1
183,9,44,1,830,1
398,6,70,1,631,1
183,9,32,5,765,1
373,1,74,3,514,1
140,8,35,0,185,0
96,5,58,0,438,0
63,2,43,0,706,0
119,1,94,1,470,0
314,5,68,4,305,1
393,4,1,1,765,1
177,7,84,0,517,0
83,0,82,5,789,0
398,5,43,0,763,1
210,5,23,3,593,1
291,5,81,5,247,1
382,6,11,4,150,1
186,3,33,1,484,0
75,3,74,2,605,0
342,3,93,1,692,1
276,1,95,1,100,0
389,6,87,2,821,1
145,7,93,5,175,1
334,10,51,5,770,1
270,3,59,0,396,0
333,3,43,2,388,0
245,2,73,1,363,0
357,5,58,2,892,1
297,5,78,3,139,1
213,10,52,2,181,1
81,10,41,2,233,1
333,2,48,3,777,1
76,4,24,5,753,1
218,3,31,4,728,1
108,10,97,1,218,1
365,8,73,0,320,1
175,7,82,2,238,1
337,1,30,1,206,0
152,1,81,4,154,0
121,0,58,4,267,0
108,5,100,5,342,1
367,7,50,0,236,0
310,4,77,4,651,1
267,10,64,5,406,1
267,1,44,3,531,0
235,3,70,3,517,1
120,1,59,2,744,0
263,3,27,0,754,0
371,5,94,2,838,1
166,7,88,0,626,1
114,10,61,1,513,1
151,4,57,5,602,1
355,0,21,3,182,0
128,10,35,2,317,1
393,3,37,2,162,0
197,9,90,2,366,1
335,7,1,3,787,1
158,10,92,2,761,1
65,2,57,0,684,0
383,4,24,5,574,1
284,6,72,0,663,1
157,6,6,1,644,0
360,3,97,2,896,1
392,0,20,2,115,0
381,0,73,0,596,0
366,10,1,1,512,1
347,6,97,1,630,1
228,4,78,4,376,1
360,5,98,0,463,1
140,1,78,1,677,0
186,7,97,1,708,1
317,5,91,5,473,1
386,0,79,3,353,0
215,6,14,4,574,1
102,4,16,3,820,0
63,2,39,5,281,0
61,4,37,1,735,0
282,8,5,2,187,1
266,9,91,2,140,1
104,3,77,2,377,0
63,0,20,2,536,0
172,8,48,3,874,1
207,5,71,2,339,0
391,5,88,0,424,1
234,6,18,1,558,0
358,10,41,0,760,1
332,10,79,4,133,1
198,10,83,0,558,1
168,7,25,1,720,1
105,5,22,4,866,1
310,1,90,4,224,0
208,0,27,2,572,0
289,1,51,2,637,0
91,9,36,3,431,1
234,8,6,0,426,0
51,7,45,1,347,0
261,9,82,5,431,1
306,4,52,1,494,0
95,5,55,1,482,0
286,7,18,1,849,1
157,6,78,0,404,0
88,0,96,4,450,0
175,7,4,0,681,0
51,3,71,2,684,0
163,1,31,1,460,0
141,2,88,4,738,1
367,6,50,3,886,1
260,9,9,4,206,1
311,5,11,5,134,1
190,6,48,5,510,1
394,0,76,0,386,0
346,7,39,2,245,1
269,4,90,4,321,1
378,3,67,5,228,1
159,9,19,2,225,0
277,10,92,2,273,1
60,9,33,3,229,1
87,2,31,2,378,0
346,5,78,4,183,1
57,5,19,3,575,0
338,2,1,0,427,0
117,5,34,0,376,0
225,7,50,0,112,0
188,2,32,5,733,1
141,4,28,5,609,1
72,10,27,3,532,1
294,6,32,0,390,0
375,9,58,5,776,1
187,6,85,1,381,0
389,2,29,5,585,1
101,9,81,1,318,1
266,3,16,2,277,0
261,6,80,3,597,1
245,4,21,2,845,1
218,4,79,4,114,0
124,3,62,5,804,1
234,8,46,4,322,1
138,2,60,4,609,0
196,10,90,0,265,1
261,2,22,1,207,0
103,7,34,2,188,0
360,10,28,5,291,1
208,0,95,2,561,0
62,8,35,4,433,1
360,0,90,1,622,0
314,7,100,3,828,1
246,2,77,5,761,1
286,2,8,5,455,1
197,2,81,5,390,1
88,9,44,5,513,1
351,2,18,3,388,0
86,0,39,3,158,0
119,9,11,0,264,0
354,6,11,3,487,1
342,1,85,1,799,1
393,9,49,0,123,1
370,9,85,4,417,1
365,2,69,5,711,1
257,10,62,0,622,1
395,9,81,1,436,1
399,10,9,3,201,1
361,7,37,4,873,1
246,4,27,3,437,0
68,0,13,2,389,0
308,1,72,0,519,0
263,1,97,2,691,0
280,6,42,2,684,1
255,0,5,3,747,0
119,7,6,5,219,1
217,4,81,4,859,1
140,4,31,3,830,1
221,6,14,1,345,0
251,7,7,3,296,1
222,8,88,5,676,1
253,7,49,1,119,0
226,8,91,4,212,1
285,6,47,0,859,1
251,2,43,1,213,0
269,1,32,3,889,1
182,0,19,3,529,0
54,5,44,1,431,0
128,4,39,5,463,1
130,4,14,3,895,1
360,5,93,5,801,1
159,6,31,5,673,1
192,3,5,1,349,0
184,8,74,3,504,1
91,2,53,1,645,0
158,9,52,4,311,1
371,6,76,4,538,1
390,2,76,1,641,1
362,2,51,0,372,0
274,6,93,3,678,1
127,5,65,0,333,0
173,3,97,0,318,0
160,2,31,1,350,0
349,0,11,1,631,0
164,7,35,5,454,1
76,10,94,4,823,1
359,1,96,4,724,1
183,1,58,1,708,0
257,5,47,3,388,1
344,2,40,3,303,0
170,9,94,0,303,1
189,4,22,4,189,0
272,0,78,5,539,1
233,4,65,4,105,0
376,5,5,2,858,1
321,0,51,1,256,0
262,9,79,3,132,1
165,0,35,5,333,0
124,8,37,4,837,1
214,5,91,1,364,0
267,3,92,5,224,1
177,9,62,4,571,1
132,0,30,2,233,0
369,5,74,1,822,1
219,9,46,5,475,1
388,6,51,3,575,1
60,2,85,1,268,0
193,3,60,0,815,0
274,2,73,1,816,0
318,0,50,3,315,0
269,10,65,1,708,1
354,10,83,1,632,1
368,5,90,4,750,1
100,5,99,4,182,0
107,6,29,4,631,1
298,3,77,2,562,1
289,5,89,1,747,1
71,9,8,1,100,0
67,7,28,1,328,0
101,10,90,4,421,1
142,8,44,1,334,0
232,4,88,5,259,1
202,9,20,3,896,1
148,8,75,5,567,1
358,2,87,5,720,1
386,4,89,2,715,1
325,9,82,0,222,1
383,4,48,4,156,1
264,0,82,5,135,0
370,6,49,2,854,1
367,4,85,5,777,1
386,7,13,3,699,1
51,10,38,2,403,1
109,0,3,0,290,0
199,2,65,1,851,0
317,7,28,0,338,0
66,3,54,5,155,0
72,2,98,5,366,0
323,7,11,4,305,1
364,4,69,2,808,1
305,3,2,1,526,0
136,2,68,1,604,0
71,3,44,1,481,0
300,7,13,0,415,0
339,1,77,3,242,0
252,0,1,2,803,0
388,5,31,5,883,1
300,2,72,2,117,0
288,3,30,1,489,0
134,5,77,3,717,1
182,3,96,2,198,0
279,2,22,0,648,0
383,2,21,0,369,0
357,3,5,3,152,0
302,1,99,1,600,0
176,7,47,0,148,0
191,6,3,2,133,0
149,6,8,4,605,1
236,9,35,1,428,1
198,2,36,4,615,0
195,6,22,2,335,0
284,6,88,1,804,1
159,8,44,5,787,1
88,5,17,1,186,0
177,5,59,5,306,1
308,2,38,1,583,0
214,0,5,2,209,0
307,4,96,3,857,1
65,4,21,2,578,0
225,1,54,2,758,0
83,0,76,1,127,0
173,10,15,0,451,1
82,7,29,2,519,0
117,0,82,1,111,0
70,1,63,4,555,0
55,2,96,0,116,0
213,10,1,0,562,1
169,0,69,3,586,0
271,3,56,5,610,1
70,1,72,3,320,0
182,2,6,4,807,0
237,6,65,2,136,0
121,10,77,4,864,1
346,3,78,3,338,1
96,3,77,4,687,1
333,0,72,1,823,0
256,10,89,2,575,1
116,6,53,5,700,1
340,0,82,0,699,0
263,8,4,2,579,1
191,2,3,4,356,0
203,4,11,2,707,0
169,1,63,1,413,0
111,8,52,0,139,0
303,10,80,4,709,1
233,5,91,2,351,1
160,1,32,4,552,0
153,2,23,4,866,1
61,2,87,5,300,0
334,3,36,4,203,0
365,1,80,4,241,1
321,5,70,1,117,0
340,5,46,0,832,1
222,9,81,1,478,1
154,5,95,2,455,1
189,2,37,5,685,1
333,8,39,1,460,1
396,2,51,4,163,1
278,8,35,1,674,1
201,5,52,3,203,0
73,5,35,0,544,0
133,10,37,1,544,1
319,3,35,1,628,0
56,6,50,0,355,0
325,1,7,1,815,0
122,6,14,1,492,0
313,4,69,1,745,1
98,10,2,2,616,1
150,2,91,4,652,1
112,6,64,1,241,0
107,4,97,1,558,0
156,0,99,5,204,0
206,2,12,0,834,0
358,6,39,0,895,1
78,2,4,5,140,0
159,1,17,5,256,0
143,8,100,5,227,1
287,1,33,0,826,0
158,4,84,3,752,1
269,8,41,1,874,1
194,7,45,3,284,1
388,4,46,4,189,1
268,0,45,5,831,1
205,6,72,1,578,1
384,6,3,0,629,1
373,9,85,1,775,1
351,7,42,5,754,1
301,2,11,2,314,0
270,2,98,5,227,1
387,9,44,4,541,1
158,5,96,5,724,1
307,6,36,5,367,1
271,1,33,1,185,0
219,8,90,5,831,1
209,4,63,0,771,0
292,6,61,4,360,1
173,0,71,1,315,0
197,5,69,4,639,1
91,3,42,4,278,0
65,7,64,5,786,1
309,8,83,1,128,1
240,3,13,2,675,0
239,10,62,2,163,1
182,3,11,1,752,0
220,1,64,2,423,0
293,1,33,1,342,0
299,9,57,1,731,1
75,10,80,0,560,1
204,10,5,3,877,1
103,8,69,4,568,1
287,7,41,2,411,1
379,10,36,5,551,1
300,8,94,1,809,1
231,3,7,4,207,0
363,5,57,3,863,1
186,0,67,5,825,1
360,0,89,0,846,0
238,9,30,1,400,1
136,2,40,3,774,0
64,0,1,2,623,0
226,1,70,1,514,0
343,4,27,0,606,0
221,2,74,0,707,0
56,3,94,4,345,0
348,5,73,5,627,1
374,1,53,5,107,0
65,4,89,2,780,0
231,5,79,4,858,1
247,7,74,1,534,1
108,1,59,3,579,0
63,10,77,1,818,1
176,0,22,5,627,0
305,7,49,1,454,1
198,7,36,2,790,1
104,10,30,0,290,0
163,9,10,2,527,1
325,6,91,5,626,1
105,5,41,2,111,0
52,7,16,4,470,1
345,3,66,4,845,1
57,9,3,2,656,1
385,3,45,2,638,1
94,3,75,2,742,0
159,2,36,2,590,0
77,5,84,2,202,0
158,8,98,4,383,1
268,10,93,0,163,1
247,6,70,5,606,1
130,7,8,1,687,0
344,1,76,3,801,1
238,9,92,4,107,1
228,7,61,4,741,1
337,7,93,1,257,1
56,6,48,4,481,1
364,4,24,5,858,1
81,0,79,2,750,0
315,1,24,1,133,0
185,3,96,3,582,1
263,10,29,1,660,1
97,6,76,1,196,0
356,5,77,4,322,1
310,8,53,1,493,1
364,5,12,2,276,0
179,0,53,4,868,0
293,10,93,1,854,1
141,8,70,2,787,1
265,5,92,3,483,1
251,1,97,5,814,1
112,7,24,5,245,1
284,0,95,3,110,0
193,10,48,3,513,1
133,0,90,0,128,0
351,0,67,4,807,1
181,9,42,3,460,1
343,2,82,0,639,0
361,4,56,0,146,0
147,7,50,2,451,1
195,2,96,4,572,1
278,10,54,0,447,1
171,9,2,0,301,0
319,1,60,2,465,0
91,7,26,5,143,1
213,4,65,4,148,0
212,8,25,1,425,1
273,10,43,4,325,1
72,5,42,3,235,0
222,2,96,1,718,0
101,5,61,0,147,0
95,8,17,2,131,0
167,3,49,1,192,0
78,5,14,0,529,0
191,2,11,4,264,0
173,2,6,1,218,0
150,9,22,3,827,1
301,4,64,3,317,1
286,4,39,1,213,0
356,10,75,3,145,1
248,0,48,1,367,0
273,8,77,5,875,1
190,0,12,0,839,0
72,7,31,1,740,0
107,6,33,0,154,0
349,2,78,2,140,0
141,3,95,0,730,0
112,9,16,1,784,1
56,6,36,4,434,1
270,9,88,4,401,1
122,2,33,3,290,0
273,9,42,4,615,1
275,1,47,1,597,0
54,7,69,3,289,0
281,8,95,3,331,1
54,0,44,0,111,0
253,5,100,0,431,0
190,6,12,0,629,0
197,1,1,4,569,0
330,9,27,5,670,1
228,6,18,4,626,1
300,10,61,4,830,1
286,8,34,2,344,1
67,8,42,2,292,0
256,8,67,5,179,1
191,9,7,3,543,1
358,4,24,2,638,1
153,0,61,3,891,0
244,3,89,4,830,1
178,9,89,0,219,0
315,6,67,5,742,1
400,1,58,4,278,1
156,6,86,3,223,1
214,8,48,4,824,1
60,8,90,1,737,1
60,5,11,5,317,0
331,9,81,5,894,1
156,5,40,0,670,0
163,3,67,2,330,0
131,9,2,0,669,0
125,6,13,0,128,0
374,1,77,1,736,0
160,10,58,4,320,1
381,2,22,1,654,0
96,2,63,3,435,0
174,10,35,1,539,1
357,9,75,1,171,1
76,2,36,0,465,0
370,7,19,1,400,1
368,5,32,0,456,0
158,3,26,1,140,0
103,1,53,2,392,0
395,4,52,0,819,1
298,10,57,5,425,1
186,4,20,0,811,0
281,6,4,4,764,1
100,6,67,0,763,0
312,3,12,2,173,0
296,10,8,3,769,1
312,3,75,1,158,0
146,8,43,1,110,0
270,1,91,0,588,0
118,6,29,4,313,0
156,10,1,3,400,1
245,3,45,4,665,1
268,9,54,0,850,1
240,9,7,4,635,1
265,7,18,3,517,1
171,3,78,0,424,0
257,2,87,2,112,0
291,3,80,4,265,1
380,5,98,3,414,1
273,1,34,4,379,0
347,6,86,2,484,1
93,10,9,0,159,0
160,4,68,0,518,0
103,3,90,3,766,1
398,5,42,5,805,1
171,2,100,3,523,0
169,8,9,5,682,1
139,0,24,3,607,0
360,10,97,3,186,1
189,10,59,4,615,1
71,7,51,4,196,1
234,0,80,3,161,0
131,3,77,0,191,0
296,8,18,5,456,1
352,6,53,2,396,1
63,6,71,3,469,1
256,10,41,3,611,1
110,6,9,1,437,0
68,8,87,1,188,0
300,7,39,3,529,1
67,6,21,1,337,0
258,2,67,3,314,0
188,10,95,3,166,1
107,0,6,4,540,0
124,5,43,3,176,0
270,1,72,5,364,1
339,1,1,5,822,1
119,6,52,1,137,0
190,0,30,4,529,0
192,5,50,1,178,0
237,9,74,1,416,1
143,10,88,1,898,1
185,6,49,3,889,1
109,3,29,5,737,1
372,3,37,0,349,0
158,0,48,4,352,0
53,3,70,1,303,0
190,3,42,1,557,0
139,8,76,2,604,1
257,1,12,0,488,0
264,5,52,0,671,0
249,0,69,2,192,0
159,10,35,0,488,1
177,5,37,4,290,0
394,1,65,3,784,1
388,1,32,1,815,0
154,7,81,4,172,1
220,0,25,2,161,0
348,0,70,2,170,0
101,5,2,4,678,1
108,7,15,1,459,0
309,5,4,3,261,0
161,7,94,3,352,1
141,0,93,0,141,0
209,9,88,4,337,1
303,1,59,0,203,0
117,2,28,1,176,0
305,7,53,4,540,1
390,4,20,0,223,0
255,3,10,3,535,0
180,5,22,4,285,0
57,7,69,4,695,1
195,7,29,3,339,1
230,3,11,0,319,0
266,2,34,5,773,1
260,0,70,0,403,0
53,2,9,0,300,0
281,4,54,5,762,1
271,8,71,2,226,1
328,3,53,1,707,1
162,10,53,0,315,1
75,3,30,4,302,0
107,10,44,1,151,0
175,1,1,2,480,0
204,2,29,0,538,0
235,1,53,1,120,0
178,5,60,0,810,0
343,7,3,0,271,0
85,6,2,0,332,0
288,10,19,1,798,1
351,3,68,4,673,1
66,7,62,3,173,0
140,0,45,5,668,0
133,4,14,5,140,0
63,5,37,0,206,0
138,3,20,0,302,0
70,0,36,2,340,0
71,10,73,3,392,1
79,4,82,0,394,0
206,3,2,3,479,0
123,8,27,3,176,0
357,7,81,5,498,1
386,2,62,3,584,1
70,8,48,5,332,1
143,2,73,0,111,0
335,1,22,2,563,0
230,10,100,0,255,1
378,4,68,1,498,1
105,3,87,0,619,0
307,9,6,1,866,1
176,3,77,3,119,0
355,3,71,1,565,1
388,3,43,5,377,1
332,9,59,2,557,1
141,6,43,4,243,1
118,0,24,2,352,0
399,6,75,0,259,1
234,6,51,2,316,0
220,10,53,1,209,1
156,7,3,4,409,1
389,9,97,1,880,1
136,3,78,2,587,0
59,0,33,0,831,0
397,1,79,0,348,0
169,5,60,4,730,1
223,8,30,4,208,1
275,3,4,0,690,0
335,9,59,0,759,1
341,0,91,5,727,1
171,5,6,3,713,1
51,3,51,3,603,0
60,1,14,5,129,0
314,9,1,1,112,0
108,5,15,2,245,0
231,10,92,1,447,1
327,10,41,2,714,1
124,4,21,5,357,0
241,5,87,3,380,1
374,7,16,2,367,1
369,6,93,4,252,1
99,7,50,4,232,1
162,7,27,2,168,0
267,1,66,3,632,0
312,10,4,3,783,1
296,6,78,1,132,0
124,3,4,4,434,0
85,5,96,3,596,1
92,3,32,1,728,0
228,4,4,2,609,0
164,6,99,3,121,1
78,6,21,3,525,0
60,0,32,3,889,0
232,1,49,1,258,0
258,0,70,0,807,0
189,5,37,5,872,1
316,8,92,4,688,1
392,10,52,4,221,1
348,4,98,4,838,1
291,4,83,1,418,0
354,4,80,2,155,0
359,5,28,3,120,1
172,1,95,2,422,0
296,10,59,4,661,1
138,2,56,1,760,0
329,3,27,3,633,1
158,8,49,0,412,0
106,2,10,5,815,1
271,8,71,2,381,1
142,0,81,2,490,0
392,1,24,4,208,0
282,5,71,1,355,0
354,9,94,1,476,1
108,4,48,3,691,0
113,8,23,2,388,0
232,6,66,4,175,1
369,0,24,0,750,0
333,10,76,1,480,1
271,8,37,5,623,1
343,1,29,5,181,0
215,2,5,2,764,0
242,4,9,5,590,1
288,2,39,2,881,1
281,8,99,0,808,1
92,0,75,5,710,0
137,4,45,0,301,0
397,5,31,4,684,1
61,9,28,1,406,0
234,7,97,0,502,1
97,5,100,1,643,0
167,5,62,2,546,0
283,9,66,2,435,1
309,0,42,1,170,0
207,5,50,1,204,0
330,4,39,1,900,1
340,5,64,2,191,1
325,10,71,1,505,1
154,0,35,2,187,0
308,1,69,3,771,1
168,6,48,5,243,1
282,5,66,3,594,1
388,2,13,2,447,0
155,1,68,3,824,0
293,3,80,4,572,1
135,10,53,0,406,1
369,5,23,1,511,1
360,6,94,4,605,1
84,7,68,4,881,1
263,3,13,4,844,1
69,8,78,2,563,1
241,1,77,3,770,1
207,3,83,1,856,1
235,4,45,3,469,1
89,7,31,4,449,1
333,3,20,1,856,1
392,8,27,4,166,1
213,3,85,0,396,0
387,9,99,2,267,1
70,10,42,3,665,1
288,10,83,4,360,1
289,5,49,5,570,1
88,3,6,2,792,0
121,6,92,4,651,1
210,5,40,1,615,0
149,9,10,2,238,0
92,9,5,3,418,1
279,9,21,2,596,1
293,2,38,4,265,0
267,0,60,2,255,0
190,4,93,4,179,1
165,9,44,5,466,1
100,1,82,1,682,0
250,8,82,0,447,1
132,1,26,1,378,0
338,0,31,1,161,0
323,4,99,3,468,1
138,4,70,3,732,1
217,4,43,2,823,1
109,8,93,2,570,1
314,9,85,4,221,1
348,7,38,5,682,1
173,6,43,1,664,0
105,4,90,3,183,0
384,10,34,5,733,1
134,3,55,3,690,0
343,3,90,5,522,1
301,6,62,4,409,1
365,1,9,4,637,1
171,8,37,2,830,1
77,9,88,3,724,1
260,1,61,5,505,1
306,6,50,5,575,1
354,9,52,2,648,1
287,9,100,1,741,1
361,9,95,3,628,1
288,0,77,0,636,0
361,6,96,5,896,1
348,7,12,0,241,0
296,7,44,1,676,1
384,6,42,4,516,1
240,5,72,0,193,0
181,9,52,0,391,0
249,1,91,0,832,0
346,7,59,5,524,1
57,9,47,5,829,1
205,3,2,3,850,1
390,2,6,2,304,0
310,5,76,4,360,1
53,4,25,2,772,0
101,9,46,0,403,0
333,2,30,2,354,0
312,2,78,2,247,0
166,8,21,2,353,1
317,3,23,2,286,0
216,4,65,3,595,1
378,5,38,0,280,0
247,8,61,0,767,1
349,3,97,2,268,1
137,6,60,3,205,0
291,9,62,5,787,1
282,10,60,5,408,1
314,5,26,4,424,1
200,1,87,2,305,0
300,4,98,4,649,1
254,0,9,2,249,0
186,4,28,2,174,0
278,8,16,2,278,1
391,6,93,2,168,1
255,1,82,5,381,1
219,0,33,0,604,0
352,1,6,0,445,0
201,1,29,3,325,0
328,7,95,3,460,1
333,9,52,5,135,1
314,8,71,4,354,1
166,5,66,0,501,0
170,2,59,3,791,0
88,7,6,0,617,0
88,10,1,5,266,1
286,8,8,2,193,1
299,10,67,4,179,1
362,10,7,0,735,1
349,6,1,1,853,1
50,3,41,4,716,0
84,8,5,4,722,1
114,6,60,2,305,0
281,9,90,4,373,1
63,6,90,0,528,0
197,5,1,0,559,0
112,0,43,5,627,0
274,9,33,1,521,1
379,0,91,0,657,0
149,4,66,5,733,1
241,4,69,3,462,1
375,6,55,2,665,1
355,1,27,5,552,1
91,7,86,0,270,0
110,0,53,0,312,0
197,3,96,4,180,0
113,9,50,0,342,0
65,6,71,3,580,1
222,1,37,5,791,1
185,7,14,1,573,0
166,10,16,5,208,1
83,8,16,3,604,1
63,1,22,3,875,0
273,8,64,4,603,1
55,7,5,1,435,0
135,4,83,2,706,1
64,1,2,2,787,0
56,10,53,1,440,1
396,5,85,1,657,1
90,4,43,3,866,1
88,4,68,0,126,0
107,8,62,4,782,1
155,10,33,1,511,1
129,3,3,4,789,0
338,6,48,2,342,1
329,0,75,5,273,1
83,8,57,5,617,1
131,7,19,1,889,1
339,0,82,0,589,0
124,0,60,2,710,0
214,0,68,5,402,0
380,4,30,5,287,1
394,0,34,4,772,1
317,3,68,1,340,0
309,3,13,4,438,1
332,3,96,5,351,1
247,0,23,1,440,0
169,1,72,0,325,0
265,6,65,3,493,1
169,6,42,1,428,0
75,2,82,3,593,0
183,3,7,2,599,0
300,5,20,3,321,1
212,8,27,1,551,1
326,10,59,0,546,1
347,6,18,0,202,0
356,2,83,3,807,1
164,8,59,4,377,1
108,8,12,3,282,0
353,1,18,0,416,0
193,8,77,2,753,1
121,10,62,1,332,1
332,8,23,2,568,1
121,10,51,5,423,1
330,0,86,4,748,1
329,8,74,1,768,1
102,9,80,0,458,1
197,10,41,1,552,1
237,7,1,1,643,1
229,4,46,5,528,1
270,0,80,3,833,1
243,8,22,1,447,1
65,8,37,4,246,1
236,8,51,0,426,1
81,2,11,4,569,0
344,9,74,5,514,1
75,4,23,4,556,0
84,7,28,1,412,0
329,7,36,4,795,1
122,4,72,1,102,0
233,7,86,4,639,1
357,4,79,0,490,0
98,8,27,2,398,0
87,5,8,4,196,0
252,5,100,0,246,0
132,4,57,3,880,1
305,5,42,3,755,1
108,10,29,2,832,1
350,9,32,0,758,1
392,3,37,3,273,1
60,4,34,5,284,0
147,5,64,4,103,0
391,6,30,0,252,0
255,9,78,2,425,1
380,2,2,5,128,0
316,10,10,5,893,1
57,9,24,1,854,1
115,10,92,3,892,1
192,6,50,5,166,1
364,9,26,2,815,1
145,2,79,0,865,0
364,4,100,1,732,1
390,3,73,1,496,1
104,7,91,4,209,1
155,5,14,4,314,0
346,1,81,4,220,0
217,1,14,4,344,0
171,2,22,2,694,0
299,3,68,0,333,0
328,9,31,1,217,1
105,2,77,5,764,1
98,7,49,3,834,1
101,8,13,5,878,1
62,2,72,3,257,0
181,0,55,4,677,0
308,7,69,1,289,1
377,6,45,5,665,1
272,2,17,3,394,0
233,8,74,4,219,1
167,4,47,3,267,0
76,8,84,3,387,1
85,5,62,1,628,0
369,1,65,5,534,1
228,10,94,1,429,1
389,9,1,0,411,1
292,1,95,5,216,1
239,0,45,2,127,0
184,7,84,1,618,1
128,1,75,5,714,1
354,10,37,4,406,1
301,4,76,0,512,0
375,0,5,3,879,1
339,6,92,0,298,1
55,8,60,0,559,0
232,1,68,0,194,0
294,9,6,3,421,1
247,0,13,5,165,0
239,8,68,2,462,1
356,10,56,4,164,1
314,1,18,0,148,0
393,9,63,0,884,1
214,1,84,2,798,0
249,7,80,4,277,1
368,0,27,5,811,1
381,3,72,0,244,0
149,7,2,2,234,0
71,5,86,0,591,0
329,4,73,4,231,1
297,3,93,1,684,1
140,2,16,2,719,0
221,10,74,4,858,1
117,1,33,0,215,0
215,8,45,3,715,1
53,6,26,5,859,1
147,1,98,2,666,0
212,3,1,5,111,0
222,8,22,1,610,1
91,0,15,0,624,0
392,4,32,1,785,1
379,5,95,4,867,1
321,8,100,0,484,1
228,6,55,0,307,0
238,1,29,0,159,0
267,8,80,0,728,1
125,0,18,1,463,0
185,2,49,3,186,0
258,0,45,4,389,0
306,7,41,0,890,1
227,8,96,3,587,1
237,8,98,5,481,1
65,7,97,0,855,1
267,1,65,1,381,0
321,9,64,5,339,1
149,0,93,1,808,0
369,6,79,1,877,1
270,8,36,4,746,1
260,5,18,2,121,0
74,8,19,5,552,1
276,4,15,4,438,1
296,10,63,4,780,1
108,10,10,4,252,1
307,3,18,0,335,0
391,0,86,0,186,0
117,3,16,0,440,0
248,5,21,2,552,0
122,4,73,1,671,0
276,9,58,5,511,1
244,6,46,4,553,1
360,7,81,5,792,1
155,2,59,0,468,0
97,9,24,5,863,1
222,4,60,0,549,0
325,3,54,5,340,1
167,10,50,4,199,1
199,9,39,2,528,1
271,10,7,4,712,1
297,6,61,5,572,1
315,2,64,5,819,1
132,10,18,5,106,1
140,3,28,4,214,0
61,0,66,5,718,0
166,10,7,3,246,1
117,4,57,0,796,0
241,0,49,3,190,0
299,5,39,3,182,0
107,10,43,5,208,1
295,9,42,4,228,1
62,3,74,4,486,0
370,10,88,2,662,1
339,8,22,2,597,1
148,10,84,1,715,1
278,1,53,4,185,0
204,5,15,2,366,0
76,8,94,3,362,1
146,8,77,1,252,0
73,2,67,4,847,1
63,3,77,4,847,1
271,3,81,4,364,1
360,0,55,4,487,1
395,4,38,0,222,0
113,2,63,0,750,0
123,3,73,4,778,1
89,3,16,1,322,0
393,9,39,0,147,1
397,5,10,1,451,0
149,7,38,4,595,1
264,2,26,5,758,1
101,8,55,2,365,1
358,3,29,3,654,1
322,4,59,2,660,1
343,1,43,2,400,0
255,7,8,3,712,1
341,5,57,5,538,1
297,9,58,2,184,1
78,7,11,3,705,1
97,1,46,2,311,0
350,3,59,4,106,1
180,1,36,5,840,1
170,5,26,4,899,1
72,1,81,5,480,0
82,2,10,3,213,0
326,10,97,1,192,1
327,8,51,3,524,1
356,0,87,2,454,0
123,2,8,2,706,0
159,8,41,0,437,0
399,2,48,1,690,1
390,4,47,3,780,1
293,0,29,0,782,0
300,8,3,4,720,1
327,10,50,4,210,1
351,3,85,1,385,0
315,6,36,3,836,1
137,10,69,2,836,1
161,3,71,2,795,0
125,10,60,4,433,1
92,8,30,5,253,1
204,8,3,1,597,1
389,2,70,0,560,0
307,1,37,5,688,1
241,8,70,3,388,1
91,4,6,0,492,0
273,3,10,3,571,0
285,5,56,5,281,1
305,5,48,5,809,1
209,10,25,3,460,1
110,0,84,1,383,0
105,10,28,4,108,1
213,1,17,1,640,0
194,1,60,0,637,0
88,6,95,1,626,0
110,8,35,1,123,0
120,5,96,5,845,1
62,7,51,1,661,0
89,1,80,0,162,0
212,5,92,0,213,0
365,1,24,0,391,0
318,6,94,4,545,1
163,1,27,0,730,0
150,9,78,2,424,1
75,5,6,1,610,0
53,5,57,4,101,0
167,10,63,4,687,1
221,1,34,2,222,0
234,2,16,5,279,0
214,9,71,4,292,1
391,10,69,3,843,1
358,3,24,3,292,0
160,6,96,5,783,1
315,10,49,2,789,1
219,5,14,3,772,1
365,4,7,2,562,1
162,0,83,5,752,1
79,9,24,4,681,1
112,0,33,3,112,0
356,1,62,2,624,0
70,3,75,0,609,0
286,2,7,4,617,1
338,7,7,5,284,1
92,0,25,3,422,0
82,6,94,2,101,0
106,9,20,4,825,1
271,6,10,0,891,1
366,1,42,1,332,0
146,1,47,0,447,0
279,8,21,5,294,1
106,3,42,1,475,0
389,9,84,3,493,1
363,10,86,3,644,1
204,4,91,1,247,0
176,9,94,2,151,1
142,8,67,1,348,0
145,3,10,2,900,0
283,1,68,0,438,0
86,8,41,3,711,1
234,3,57,4,204,0
178,7,62,2,478,1
124,6,32,1,279,0
273,6,44,3,835,1
269,4,63,3,492,1
194,3,1,5,544,1
291,0,52,3,598,0
170,0,13,0,511,0
109,9,16,0,763,1
391,1,1,3,861,1
323,5,49,2,810,1
259,3,26,5,316,1
318,10,56,5,604,1
129,9,30,2,632,1
354,4,19,1,106,0
127,4,49,5,860,1
235,10,42,4,211,1
53,7,50,5,147,1
221,6,52,1,718,1
335,1,45,3,107,0
256,1,89,0,873,0
78,10,29,2,478,1
136,1,84,2,566,0
163,2,42,0,606,0
72,2,80,1,201,0
316,5,19,0,783,1
256,6,17,2,704,1
303,1,43,4,838,1
209,7,14,1,149,0
127,6,26,0,619,0
192,9,16,5,239,1
379,6,23,2,870,1
176,5,39,5,123,1
260,6,38,4,896,1
362,7,78,3,676,1
107,2,26,0,458,0
170,3,69,0,429,0
297,7,99,2,256,1
262,1,69,3,465,0
271,5,18,3,575,1
230,8,72,0,495,1
116,2,49,4,777,0
194,8,65,1,348,1
162,2,97,2,898,1
112,3,79,2,755,0
349,3,54,3,474,1
204,1,2,5,425,0
331,10,69,2,796,1
304,3,61,5,227,1
320,1,66,4,440,1
255,1,15,3,662,0
329,0,54,0,397,0
165,8,83,4,705,1
364,10,55,2,414,1
326,1,7,4,107,0
382,0,57,5,585,1
311,5,91,5,693,1
66,2,33,3,186,0
107,5,81,2,531,0
191,2,67,3,324,0
231,8,90,2,554,1
266,7,39,3,144,1
219,3,49,1,714,0
108,0,75,4,355,0
255,8,31,4,646,1
203,1,78,0,197,0
126,10,50,4,114,1
337,6,89,5,444,1
287,0,51,2,566,0
399,4,50,3,389,1
295,2,32,1,314,0
157,1,26,4,528,0
392,6,76,3,403,1
117,0,87,0,297,0
94,4,1,4,241,0
328,7,3,0,551,0
364,1,15,1,845,0
263,8,69,0,829,1
290,10,95,3,554,1
289,4,74,4,597,1
221,0,82,2,487,0
62,5,22,2,222,0
283,10,72,1,422,1
310,8,11,4,513,1
110,4,45,5,243,0
248,10,95,1,386,1
310,0,69,0,442,0
313,1,31,5,770,1
374,4,76,0,630,1
69,4,33,4,812,1
326,3,59,1,427,0
300,4,6,5,675,1
310,3,46,0,339,0
221,7,83,2,314,1
380,10,92,0,157,1
118,6,82,4,713,1
249,2,55,3,379,0
130,5,4,5,876,1
252,5,4,3,398,0
388,5,52,3,625,1
310,6,100,0,100,0
304,9,70,5,666,1
262,10,33,1,753,1
319,5,63,4,621,1
91,9,93,1,711,1
355,5,15,1,336,0
299,7,41,1,519,1
269,1,46,2,484,0
170,2,71,1,175,0
323,3,34,5,755,1
261,10,21,1,628,1
335,5,68,1,824,1
203,3,5,2,440,0
300,10,74,4,266,1
196,4,84,0,105,0
115,9,14,3,794,1
318,2,92,1,270,0
363,3,71,1,375,0
361,10,73,5,240,1
338,3,7,0,560,0
160,1,74,2,263,0
283,10,80,0,886,1
254,7,87,2,571,1
131,2,71,2,663,0
315,7,42,3,516,1
70,4,42,3,541,0
53,7,5,4,602,1
244,1,63,5,164,0
97,2,64,3,764,0
178,4,37,3,739,1
207,6,44,5,436,1
125,1,25,4,664,0
108,10,91,5,685,1
80,9,6,5,477,1
398,9,35,0,124,1
340,7,89,4,361,1
129,7,57,5,544,1
95,3,86,1,494,0
250,7,6,3,886,1
142,8,37,3,676,1
264,3,99,4,313,1
350,8,92,3,900,1
309,4,89,2,218,0
201,6,93,5,234,1
169,9,76,2,653,1
224,6,14,0,364,0
156,3,37,1,654,0
157,5,45,0,702,0
109,9,79,3,664,1
378,8,7,4,158,1
116,6,25,3,590,1
222,10,59,1,717,1
387,4,39,5,397,1
63,6,37,5,382,1
82,8,89,0,344,0
134,5,12,0,665,0
72,9,10,4,505,1
219,1,4,0,825,0
324,3,78,4,309,1
211,0,44,0,206,0
229,1,23,0,280,0
355,10,42,1,518,1
180,9,60,0,598,1
138,4,29,2,849,0
251,8,90,3,523,1
208,10,82,5,190,1
105,9,84,5,431,1
330,9,14,2,862,1
341,2,76,3,145,0
156,10,56,2,195,1
295,5,17,4,265,1
172,7,33,4,126,1
124,7,37,5,366,1
379,6,39,1,841,1
258,3,52,5,422,1
352,4,93,0,790,1
61,1,5,3,432,0
350,2,67,1,796,1
305,4,83,4,783,1
259,10,27,5,444,1
233,10,75,2,244,1
318,3,32,4,835,1
75,5,89,0,261,0
106,4,92,1,621,0
382,0,81,0,331,0
51,2,81,0,881,0
208,0,8,5,572,0
220,7,94,5,447,1
328,10,47,3,744,1
241,9,68,1,459,1
88,0,97,2,130,0
188,6,90,0,830,1
92,9,66,2,568,1
147,9,36,0,463,0
349,5,88,1,836,1
123,3,37,2,611,0
338,1,83,2,244,0
374,4,100,4,213,1
63,10,31,1,891,1
209,10,18,3,470,1
189,9,11,5,449,1
107,10,63,4,471,1
228,5,17,3,293,0
198,1,60,2,297,0
267,2,52,0,371,0
80,1,23,0,110,0
82,10,80,2,861,1
159,3,33,4,755,1
266,4,80,4,331,1
138,2,5,3,241,0
58,2,22,2,435,0
136,4,68,5,620,1
314,7,46,4,240,1
310,10,43,1,514,1
210,7,2,4,861,1
394,7,20,3,416,1
139,1,14,3,455,0
102,7,7,1,645,0
320,7,36,2,712,1
149,3,91,5,399,1
196,9,30,0,791,1
377,7,58,2,672,1
169,4,30,0,588,0
231,8,13,2,362,1
202,5,48,3,504,1
291,0,40,1,183,0
296,8,79,0,350,1
216,6,73,5,607,1
389,8,37,0,561,1
183,3,62,0,253,0
236,8,12,4,758,1
351,3,56,4,120,1
97,8,22,4,490,1
366,2,28,3,480,0
70,8,96,5,232,1
294,10,6,0,251,1
54,10,41,1,824,1
314,5,38,3,255,1
96,4,33,2,482,0
173,5,46,0,480,0
98,8,90,5,286,1
192,3,6,4,738,1
146,3,99,3,272,0
202,9,89,0,256,1
152,7,1,2,547,0
158,10,10,4,330,1
252,1,71,2,593,0
213,6,54,4,848,1
74,6,51,2,715,1
95,9,25,4,688,1
341,5,63,0,682,1
70,9,56,3,253,1
301,3,22,2,182,0
385,3,23,4,207,1
173,10,81,1,822,1
223,0,51,3,263,0
103,10,79,0,365,1
97,4,95,4,595,1
117,7,19,0,603,0
52,4,60,1,430,0
269,10,100,5,326,1
96,0,16,3,135,0
318,2,89,5,778,1
155,5,54,4,657,1
299,2,16,0,402,0
300,8,12,2,697,1
382,1,49,4,486,1
216,7,15,2,426,1
140,4,56,1,651,0
176,3,9,3,114,0
234,0,92,1,144,0
126,9,51,4,775,1
173,2,25,4,560,0
333,4,4,3,746,1
173,1,30,4,533,0
358,2,63,3,131,0
386,6,16,3,639,1
365,0,33,0,679,0
303,7,53,3,241,1
131,5,96,2,722,1
249,3,72,0,183,0
355,9,55,3,286,1
306,4,81,2,705,1
276,1,86,0,619,0
305,10,77,0,588,1
357,1,62,5,177,1
332,1,50,2,549,0
74,9,39,5,281,1
326,6,65,5,608,1
53,1,8,2,814,0
175,8,20,0,682,0
247,7,62,5,645,1
124,4,45,3,646,0
343,1,5,3,869,1
123,7,98,1,149,0
202,10,23,0,871,1
369,10,11,4,792,1
342,4,60,0,692,1
396,3,95,3,143,1
66,8,16,5,761,1
271,7,94,2,164,1
349,1,89,3,103,0
61,1,43,5,188,0
133,6,4,4,892,1
267,1,97,2,403,0
217,5,68,5,529,1
58,2,35,0,721,0
305,1,56,2,352,0
50,8,24,0,821,0
324,6,48,4,538,1
177,7,34,5,616,1
268,3,63,1,719,0
266,7,99,3,404,1
196,5,43,0,857,0
192,10,2,2,634,1
308,1,93,4,241,0
291,10,18,5,131,1
193,2,83,4,765,1
218,8,51,2,848,1
80,5,34,0,869,0
252,0,37,3,659,0
131,8,31,4,718,1
261,4,92,5,321,1
259,8,3,5,752,1
282,0,44,4,767,1
257,0,77,2,642,0
73,1,62,1,499,0
324,8,84,5,546,1
107,9,16,1,326,0
308,3,61,4,900,1
323,0,40,3,588,0
247,1,13,0,428,0
289,2,2,1,884,0
284,10,58,1,306,1
85,1,54,3,335,0
166,9,12,4,823,1
172,3,28,2,784,0
281,5,27,1,110,0
270,9,77,5,569,1
346,10,46,0,760,1
180,10,5,2,381,1
370,8,14,4,813,1
174,8,32,5,495,1
86,9,28,3,164,0
309,9,71,5,420,1
297,10,40,4,510,1
169,2,79,0,120,0
175,10,80,4,389,1
186,10,11,5,326,1
307,10,63,1,889,1
341,3,77,1,443,0
212,10,39,2,712,1
287,1,73,2,724,0
386,7,85,5,887,1
106,5,74,3,414,0
310,10,35,1,249,1
350,4,42,5,147,1
95,1,11,2,366,0
117,2,80,1,382,0
295,8,75,4,868,1
86,1,35,0,249,0
68,3,49,5,261,0
74,7,79,5,183,1
56,9,37,2,390,1
298,7,1,4,450,1
292,8,74,5,222,1
57,9,88,2,662,1
167,4,83,0,297,0
376,7,30,0,276,0
243,10,61,0,429,1
112,10,25,0,825,1
236,0,76,4,233,0
91,6,44,2,502,0
260,9,7,4,640,1
288,6,98,2,288,1
221,9,9,0,849,1
305,6,99,3,618,1
324,5,15,3,356,1
324,10,13,5,115,1
173,7,21,0,214,0
105,6,37,0,162,0
205,0,51,5,622,0
308,5,43,0,275,0
239,9,82,1,416,1
266,10,46,1,437,1
229,9,75,0,559,1
231,4,35,0,703,0
226,10,37,2,809,1
398,6,12,3,812,1
349,8,6,4,363,1
336,0,22,4,213,0
291,6,5,2,585,1
228,2,53,3,148,0
284,9,24,0,536,1
315,9,47,5,787,1
181,3,85,1,570,0
329,3,86,3,751,1
325,6,75,1,628,1
347,5,54,5,403,1
252,1,89,3,450,0
182,5,26,0,857,0
171,5,67,2,842,1
291,6,90,5,278,1
384,1,75,5,645,1
326,10,2,4,777,1
380,10,60,3,732,1
105,7,27,3,234,0
296,0,97,1,201,0
372,4,55,0,315,0
285,3,73,4,279,1
385,9,41,0,557,1
297,1,77,4,723,1
217,4,88,2,839,1
255,4,5,1,477,0
173,5,13,4,880,1
295,5,68,1,512,1
127,7,28,5,890,1
373,3,50,4,549,1
168,8,92,5,242,1
366,8,42,2,702,1
212,5,91,5,565,1
152,2,69,5,176,0
236,6,6,0,227,0
161,0,54,2,655,0
288,1,79,3,552,0
176,0,83,1,840,0
246,2,27,2,280,0
289,8,26,3,516,1
203,5,35,1,462,0
91,0,41,1,549,0
118,1,83,4,189,0
370,3,45,2,150,0
203,7,78,5,643,1
179,7,37,3,576,1
379,7,28,3,213,1
251,7,52,0,824,1
210,9,20,1,689,1
169,8,3,4,501,1
251,0,29,0,493,0
205,2,66,4,636,1
82,6,15,2,716,0
134,2,73,1,840,0
182,4,80,2,760,1
196,1,55,5,595,1
56,6,10,2,672,0
108,4,24,2,430,0
251,5,14,1,831,1
252,4,26,5,181,1
75,1,41,1,807,0
283,7,25,0,817,1
396,0,34,1,595,0
53,4,41,2,129,0
305,7,55,2,770,1
360,1,39,5,398,1
211,0,99,3,709,0
286,4,48,0,424,0
159,0,30,1,532,0
221,10,37,2,508,1
230,5,90,1,565,1
376,2,25,2,185,0
138,1,61,0,842,0
183,1,70,5,676,1
117,6,6,2,309,0
120,3,67,2,554,0
190,7,37,1,104,0
118,2,72,4,833,1
255,7,45,0,465,0
143,0,12,2,766,0
354,8,88,1,138,1
296,3,82,0,393,0
374,5,96,4,749,1
334,10,15,2,523,1
262,10,28,2,304,1
394,2,68,0,363,0
78,2,63,5,796,1
210,0,91,0,498,0
107,10,88,3,749,1
378,9,69,1,512,1
269,3,25,0,169,0
214,8,25,2,801,1
68,4,28,2,236,0
63,5,6,3,667,0
253,7,74,2,699,1
102,6,23,0,757,0
163,4,46,5,313,1
386,2,59,2,162,0
354,4,77,2,605,1
298,7,11,0,147,0
298,4,59,0,188,0
298,4,67,4,349,1
328,1,56,1,731,0
128,3,4,0,616,0
116,1,62,5,120,0
359,5,63,4,821,1
347,4,22,1,330,0
215,5,13,3,279,0
276,2,99,4,869,1
121,3,34,4,496,0
81,5,96,4,321,1
264,10,20,1,360,1
276,8,65,1,694,1
251,0,67,1,307,0
292,1,87,3,659,1
207,8,100,1,675,1
323,0,99,2,712,0
95,9,92,3,310,1
322,0,85,4,500,1
281,3,29,0,176,0
391,5,79,1,518,1
288,7,17,0,406,0
222,5,65,5,832,1
233,5,88,1,409,0
100,8,99,3,723,1
226,5,28,1,795,1
85,1,61,1,192,0
372,1,75,2,313,0
382,0,90,5,530,1
287,0,90,4,291,0
108,4,97,2,753,1
86,10,65,5,315,1
243,9,71,4,800,1
88,0,58,0,137,0
125,6,99,3,277,1
129,5,44,4,193,0
328,7,46,2,122,1
100,1,6,5,882,0
326,7,51,0,772,1
238,1,1,5,113,0
353,3,76,1,516,0
206,5,86,5,424,1
150,8,41,3,846,1
322,0,84,5,551,1
225,4,85,0,644,0
148,2,70,1,613,0
210,0,5,2,631,0
316,4,66,2,452,1
238,4,36,0,130,0
350,5,41,0,551,0
350,1,63,0,581,0
108,8,66,0,475,0
171,1,40,5,816,1
299,10,74,2,627,1
209,0,81,0,436,0
315,2,7,3,654,0
270,7,24,4,500,1
313,8,36,3,190,1
279,9,86,1,219,1
200,1,8,0,846,0
243,5,85,1,181,0
339,7,10,5,251,1
111,0,31,3,792,0
198,4,51,3,295,0
73,3,20,3,806,0
270,9,65,0,167,1
210,1,24,3,630,0
280,1,21,1,106,0
368,9,57,3,784,1
380,5,79,3,737,1
297,5,37,2,135,0
93,7,53,2,236,0
91,0,80,5,423,0
393,10,41,5,201,1
177,1,42,2,771,0
162,3,56,2,512,0
386,6,72,5,316,1
338,2,95,2,298,0
195,4,21,0,697,0
384,10,80,3,102,1
379,5,70,0,408,1
81,3,37,5,340,0
57,6,89,5,211,1
252,2,69,2,794,1
186,5,34,3,607,1
207,6,33,5,418,1
202,2,61,3,281,0
86,7,64,2,438,0
333,9,94,1,746,1
338,9,23,2,446,1
233,4,32,0,166,0
157,7,98,3,453,1
132,6,7,0,570,0
260,10,1,0,152,0
261,2,52,0,292,0
64,1,27,4,165,0
394,3,27,0,387,0
287,10,55,0,216,1
59,6,83,4,394,1
231,8,15,4,383,1
247,9,58,4,199,1
134,2,1,1,841,0
328,3,42,0,609,0
118,8,10,1,849,1
207,7,72,2,456,1
231,2,78,1,303,0
375,4,74,3,195,1
131,9,14,1,674,1
54,2,34,4,186,0
302,7,100,0,443,1
295,3,46,2,882,1
262,8,2,4,896,1
335,10,70,2,371,1
255,7,92,3,820,1
213,9,81,3,325,1
311,10,43,5,423,1
93,8,82,1,349,0
324,0,96,0,148,0
203,2,93,4,691,1
386,10,60,3,387,1
151,6,94,4,335,1
393,3,39,1,847,1
346,6,88,2,550,1
213,1,9,3,368,0
182,10,15,1,532,1
54,9,69,0,734,1
329,5,35,2,156,0
387,8,58,5,683,1
347,1,34,2,443,0
246,1,46,3,814,0
373,3,27,0,711,0
86,8,73,3,425,1
170,9,24,3,181,1
170,6,26,1,530,0
108,5,8,2,759,0
303,6,88,1,142,0
251,1,31,5,692,1
223,2,69,1,517,0
312,5,99,5,457,1
173,4,40,5,178,0
130,0,83,3,517,0
306,6,84,0,184,0
400,7,47,4,445,1
173,7,25,3,248,0
350,9,85,2,748,1
243,9,42,2,378,1
258,0,62,3,533,0
145,6,31,5,727,1
115,8,72,1,247,0
325,4,2,1,582,0
134,2,97,5,749,1
80,3,31,3,502,0
70,3,35,2,133,0
203,2,17,1,698,0
75,9,24,0,433,0
104,4,93,1,450,0
75,7,49,4,832,1
196,10,48,2,286,1
328,2,5,5,807,1
218,4,95,3,163,0
388,0,91,3,780,1
54,9,21,0,280,0
191,9,80,0,462,1
215,5,100,3,126,1
310,6,10,5,193,1
316,2,68,5,280,1
287,8,64,4,830,1
87,10,94,2,602,1
283,1,22,4,226,0
281,3,87,4,191,1
387,4,74,3,479,1
350,2,36,3,324,0
384,5,65,1,341,1
126,0,53,2,332,0
203,2,80,5,134,0
357,9,59,5,299,1
164,8,24,2,553,1
377,3,10,3,822,1
217,4,6,4,812,1
143,2,64,0,486,0
215,2,30,4,526,0
349,0,57,0,719,0
279,4,68,0,795,1
323,6,91,4,321,1
231,5,31,2,389,0
367,4,94,4,667,1
398,5,11,2,667,1
226,4,91,4,889,1
185,1,8,3,805,0
290,6,81,1,890,1
257,9,60,5,651,1
389,4,79,1,390,1
254,5,34,4,430,1
361,6,50,1,244,1
257,1,79,2,708,0
341,6,11,1,370,0
347,0,39,3,410,0
165,10,57,4,873,1
202,0,70,3,500,0
268,3,83,3,811,1
180,0,75,2,742,0
279,0,95,3,231,0
172,6,98,0,104,0
326,4,55,1,503,0
86,10,79,1,538,1
166,8,87,3,681,1
153,9,39,2,865,1
396,2,32,4,117,0
136,0,83,3,317,0
339,3,52,4,580,1
94,5,13,0,416,0
113,2,46,0,733,0
235,2,10,3,431,0
362,1,11,2,217,0
329,9,71,1,751,1
98,8,42,0,804,1
287,6,73,4,762,1
347,7,89,0,759,1
293,6,61,4,146,1
83,4,36,4,480,0
137,5,64,4,572,1
369,10,14,5,499,1
363,7,70,5,889,1
278,7,2,4,253,1
369,4,20,5,477,1
288,7,84,0,180,0
73,8,33,2,577,1
325,2,5,5,760,1
315,6,12,4,538,1
399,9,8,1,470,1
360,2,98,5,448,1
121,4,100,0,302,0
314,2,70,4,557,1
315,3,46,4,605,1
307,3,23,3,385,0
242,1,41,3,358,0
104,7,77,2,656,1
247,3,27,3,400,0
397,0,58,0,212,0
133,3,42,3,816,0
170,0,88,0,796,0
103,3,76,0,810,0
359,5,47,1,208,0
172,8,4,2,354,0
156,5,40,3,590,1
210,9,23,1,820,1
69,7,14,1,283,0
254,6,18,2,777,1
375,0,25,0,371,0
342,6,29,1,794,1
354,9,59,1,204,1
253,10,97,1,413,1
263,1,43,5,873,1
370,6,2,5,191,1
394,4,88,2,562,1
275,7,81,0,763,1
142,9,35,0,244,0
73,1,32,4,557,0
220,1,18,1,662,0
76,3,90,2,462,0
65,3,52,1,349,0
273,3,39,0,219,0
263,3,27,1,646,0
314,2,60,5,543,1
132,5,17,1,210,0
340,1,69,2,509,0
216,6,12,3,546,1
189,0,33,4,609,0
326,6,100,3,730,1
181,6,34,2,601,1
244,4,9,0,746,0
351,4,44,2,159,0
328,4,47,5,551,1
115,5,19,4,875,1
184,2,18,3,807,0
314,9,28,3,713,1
331,1,69,3,522,1
67,1,2,4,581,0
278,3,50,1,168,0
266,5,10,1,107,0
314,0,85,4,850,1
53,2,68,3,434,0
57,3,55,5,329,0
323,1,83,3,209,0
268,3,93,3,659,1
80,0,25,1,759,0
107,0,81,0,714,0
353,7,100,0,339,1
345,5,82,4,702,1
315,5,86,4,515,1
363,8,64,4,743,1
89,7,40,2,183,0
160,3,40,0,384,0
218,6,62,4,157,1
274,5,87,3,427,1
380,7,6,5,213,1
281,10,82,1,565,1
264,2,73,4,780,1
342,10,87,3,334,1
236,4,40,0,279,0
366,3,87,5,737,1
181,10,35,5,336,1
217,4,83,4,878,1
228,1,87,3,780,1
210,9,8,1,424,1
229,1,63,0,853,0
347,4,83,5,798,1
352,7,100,5,503,1
177,9,25,1,299,0
273,1,75,2,255,0
157,9,96,4,351,1
151,6,16,1,507,0
237,7,18,4,432,1
316,1,72,4,831,1
212,2,60,2,639,0
345,2,96,2,434,1
350,2,44,5,397,1
262,5,22,3,732,1
175,4,74,4,375,1
362,5,57,2,606,1
122,4,59,2,460,0
156,1,69,2,238,0
236,10,11,1,877,1
384,6,83,1,374,1
126,9,3,1,900,1
275,3,65,0,819,0
357,4,55,0,310,0
285,1,97,0,636,0
59,2,68,1,164,0
339,9,14,2,858,1
347,3,91,4,211,1
105,6,2,2,416,0
225,5,43,1,730,1
80,10,67,5,199,1
390,1,91,0,290,0
264,6,44,5,814,1
282,0,88,4,148,0
294,4,70,2,550,1
270,4,75,3,828,1
218,4,10,1,534,0
179,7,3,5,860,1
162,3,14,5,500,0
59,9,69,1,697,1
281,7,72,5,644,1
112,2,97,0,804,0
400,4,52,4,869,1
88,5,78,3,764,1
226,1,81,3,349,0
300,8,4,5,120,1
160,7,22,5,199,1
395,7,41,4,867,1
376,8,52,2,346,1
400,0,80,2,665,1
173,9,10,1,540,1
213,0,66,1,291,0
395,5,30,0,570,1
183,8,60,1,746,1
359,6,94,0,748,1
302,7,34,4,503,1
212,10,27,4,865,1
252,9,7,4,721,1
129,0,84,4,374,0
382,4,8,3,317,1
86,8,46,2,791,1
67,2,37,2,442,0
174,10,80,4,412,1
281,6,37,2,301,1
287,4,83,3,209,1
84,8,43,0,512,0
306,2,31,0,193,0
183,1,47,0,378,0
347,8,83,4,124,1
287,7,27,2,357,1
218,8,77,5,469,1
391,0,73,4,401,1
264,5,40,0,115,0
314,0,15,5,255,0
272,1,44,1,441,0
327,3,65,3,573,1
171,5,74,3,459,1
349,10,4,1,519,1
299,8,71,1,506,1
183,3,89,4,852,1
58,1,80,1,320,0
258,7,82,3,430,1
291,4,49,2,851,1
97,9,34,4,338,1
242,8,36,1,255,0
279,7,43,5,133,1
266,7,89,0,339,1
230,7,91,4,830,1
253,0,76,4,257,0
309,9,58,3,286,1
295,2,27,0,172,0
277,2,67,5,254,1
350,4,2,4,173,0
345,3,91,4,817,1
226,7,2,5,492,1
356,5,11,1,772,1
94,9,85,0,233,0
359,5,81,0,882,1
108,7,86,5,205,1
110,3,35,4,861,1
227,0,6,2,805,0
316,8,17,5,803,1
162,5,23,2,823,1
226,1,75,0,610,0
165,4,5,3,597,0
100,8,36,2,431,1
217,7,25,1,142,0
235,6,80,2,232,1
188,10,51,3,803,1
347,9,15,3,622,1
329,7,94,1,466,1
224,7,96,4,390,1
160,10,86,5,303,1
331,8,74,4,683,1
374,1,41,5,670,1
111,9,64,4,863,1
124,9,55,4,851,1
282,7,24,3,297,1
340,9,13,4,309,1
67,10,24,1,484,1
282,3,11,5,465,1
300,8,3,3,337,1
109,10,17,0,761,1
251,4,18,1,415,0
121,3,73,1,442,0
114,1,70,0,659,0
328,8,75,1,660,1
91,9,32,1,823,1
70,2,93,4,712,1
338,6,29,5,107,1
151,5,87,4,552,1
338,8,100,4,113,1
101,5,52,0,895,0
267,1,37,0,701,0
81,4,19,1,534,0
156,4,6,5,758,1
191,9,14,4,571,1
61,9,16,4,887,1
232,10,96,2,739,1
143,6,11,0,535,0
368,3,97,0,832,1
170,7,94,3,391,1
177,0,24,0,104,0
118,0,90,5,532,0
281,9,92,3,426,1
336,8,75,5,878,1
137,5,52,0,457,0
134,6,26,3,470,0
213,1,43,0,605,0
116,5,5,1,667,0
372,8,50,2,593,1
216,7,63,4,107,1
331,7,68,3,407,1
354,10,97,2,864,1
337,9,86,0,891,1
335,8,57,0,638,1
86,1,90,0,777,0
187,8,70,1,422,1
115,3,52,5,279,0
288,8,74,4,769,1
304,4,99,2,656,1
186,2,65,2,661,0
272,5,24,4,380,1
54,2,20,3,880,0
381,3,34,4,757,1
93,2,31,2,251,0
328,6,91,2,660,1
121,5,83,1,723,0
178,6,34,0,367,0
96,6,54,2,782,1
65,4,69,1,712,0
74,5,21,2,850,0
93,9,93,1,491,1
75,9,12,1,608,0
125,7,70,0,730,1
371,8,40,3,801,1
284,3,11,5,526,1
61,7,75,5,399,1
209,9,18,5,734,1
103,6,58,2,506,0
85,3,3,3,446,0
66,3,28,1,655,0
323,7,33,1,264,1
356,4,24,3,317,1
164,9,86,1,246,1
229,7,26,4,646,1
130,6,39,1,825,1
368,2,69,0,435,0
113,1,17,4,699,0
314,5,70,1,271,0
333,2,85,5,660,1
380,10,63,4,743,1
134,10,48,0,327,0
217,6,52,0,134,0
71,1,30,0,149,0
97,2,24,5,345,0
224,0,70,0,113,0
70,5,99,5,689,1
205,4,61,2,336,0
324,1,91,5,211,1
221,3,29,2,146,0
299,6,24,1,388,0
180,5,29,5,836,1
121,10,89,0,864,1
212,5,26,0,508,0
367,7,14,1,788,1
190,10,52,4,233,1
86,6,73,3,446,1
333,10,100,1,523,1
273,0,29,4,682,0
154,2,13,2,820,0
342,3,56,2,460,0
323,5,6,3,568,1
106,7,32,0,165,0
102,4,97,5,683,1
159,3,85,4,784,1
283,3,14,5,479,1
339,9,90,3,113,1
186,8,61,0,106,0
287,2,72,2,317,0
306,9,73,4,680,1
101,6,100,5,728,1
65,5,80,1,503,0
270,3,24,4,244,0
190,4,88,0,222,0
375,9,23,0,851,1
219,10,23,2,745,1
317,6,95,5,454,1
320,6,91,4,417,1
343,4,55,4,600,1
71,5,46,3,240,0
219,10,93,1,530,1
344,6,67,3,113,1
304,1,73,3,134,0
66,6,21,4,332,0
91,2,41,4,297,0
399,8,36,0,313,1
223,2,13,4,817,1
90,3,48,5,647,1
185,7,21,5,785,1
93,7,55,0,591,0
326,4,23,3,170,0
224,2,12,1,763,0
136,10,42,4,406,1
391,0,44,1,458,0
347,8,72,5,868,1
305,7,4,3,242,1
200,7,39,5,742,1
80,5,14,1,380,0
230,10,76,4,878,1
270,9,13,0,158,0
288,3,44,0,443,0
371,3,90,0,601,0
370,5,97,5,368,1
210,5,77,5,351,1
394,9,34,2,384,1
101,4,89,1,574,0
320,8,25,2,553,1
141,3,45,2,604,0
308,3,94,4,318,1
301,10,22,0,790,1
380,2,84,3,333,1
349,0,55,2,432,0
258,7,69,4,760,1
376,0,100,1,463,0
261,4,95,4,179,1
324,8,55,1,796,1
359,3,13,0,763,0
106,10,58,3,793,1
341,8,78,3,430,1
248,5,60,2,109,0
155,8,84,3,634,1
225,0,47,1,400,0
390,0,68,4,776,1
208,6,46,4,534,1
326,0,40,0,583,0
259,1,41,2,291,0
331,2,70,2,407,0
261,5,67,0,170,0
364,4,46,4,832,1
66,5,49,4,772,1
311,2,61,3,776,1
375,0,52,5,773,1
136,5,49,3,207,0
367,5,27,0,739,1
332,8,14,4,878,1
307,10,48,2,176,1
225,5,65,0,439,0
344,9,82,4,873,1
76,5,46,1,890,0
258,10,80,0,156,1
345,9,96,3,108,1
387,0,6,1,750,0
356,5,75,2,191,1
247,1,2,5,317,0
173,4,20,3,173,0
260,0,23,2,242,0
184,5,41,3,868,1
89,4,94,1,698,0
124,4,14,3,106,0
189,7,86,0,753,1
90,3,86,2,353,0
89,2,32,5,259,0
259,2,32,5,447,1
62,4,1,4,652,0
288,3,42,3,502,1
221,4,81,4,570,1
136,1,67,3,630,0
71,6,80,3,204,0
198,7,45,2,201,0
305,1,29,1,180,0
81,5,4,3,621,0
154,10,43,4,727,1
144,9,26,4,826,1
252,6,50,1,302,0
291,4,29,2,446,0
394,1,6,4,761,1
242,9,55,0,192,0
267,5,72,2,811,1
55,3,84,0,755,0
208,9,2,2,186,0
400,4,63,5,250,1
257,7,5,0,882,1
248,2,40,2,334,0
397,3,35,5,851,1
120,9,13,2,267,0
344,2,65,2,503,0
65,6,15,5,670,1
151,10,6,1,585,1
357,9,34,1,885,1
93,5,68,2,482,0
60,7,23,3,147,0
65,1,92,0,661,0
361,10,100,5,479,1
348,4,16,5,554,1
236,6,20,1,642,1
53,8,18,0,279,0
246,8,46,2,268,1
153,8,28,1,311,0
343,0,73,2,773,0
293,1,100,4,292,1
182,7,62,4,586,1
241,3,39,3,629,1
78,7,56,3,298,0
174,2,80,2,552,0
368,4,47,3,537,1
368,8,36,2,681,1
399,6,35,5,329,1
89,3,47,4,655,0
170,0,6,4,635,0
350,10,22,5,527,1
62,4,17,3,851,0
246,7,42,0,584,1
61,4,64,4,254,0
81,8,5,5,777,1
394,1,73,4,663,1
218,6,43,1,455,0
66,0,24,0,449,0
244,4,49,4,472,1
156,8,1,2,486,1
147,4,26,3,356,0
59,4,77,3,258,0
304,8,66,3,150,1
51,5,6,2,870,0
80,9,35,0,639,0
249,4,13,2,704,0
198,9,62,0,329,1
75,6,17,3,716,1
356,4,66,1,754,1
228,2,50,4,844,1
150,4,57,2,637,0
358,4,66,4,787,1
323,8,82,5,740,1
96,9,88,3,277,1
161,5,91,3,578,1
330,10,21,4,899,1
141,5,72,4,682,1
128,1,8,0,716,0
165,3,51,5,123,0
86,0,42,5,492,0
264,4,39,3,343,0
162,3,10,0,138,0
306,9,81,3,334,1
373,5,86,2,811,1
60,2,33,4,768,0
268,10,25,0,524,1
265,0,72,3,270,0
78,3,24,5,192,0
326,2,71,1,656,0
400,1,41,4,127,0
171,0,88,5,169,0
267,3,25,3,892,1
139,1,91,4,249,0
321,5,26,1,840,1
184,3,70,2,397,0
314,1,81,5,196,1
355,5,20,4,425,1
220,5,83,5,567,1
390,7,29,0,374,1
165,4,1,4,481,0
182,5,20,3,354,0
126,3,8,0,200,0
95,10,61,2,686,1
230,5,41,5,686,1
297,10,87,3,481,1
74,2,24,1,148,0
252,7,38,1,177,0
143,9,55,1,855,1
110,2,30,1,531,0
157,10,54,2,870,1
300,9,62,3,150,1
173,10,45,5,672,1
138,5,51,2,278,0
351,9,81,2,588,1
291,1,70,4,753,1
387,7,76,1,204,1
390,2,45,5,875,1
63,7,72,0,575,0
246,10,2,3,360,1
206,8,74,1,278,1
359,2,12,4,340,0
242,2,5,4,857,1
250,0,9,2,780,0
296,10,1,2,409,1
294,1,10,5,463,0
333,10,33,4,306,1
205,5,19,5,647,1
237,0,36,0,820,0
255,3,57,4,183,0
92,7,27,5,813,1
248,3,92,4,552,1
289,8,42,4,290,1
124,8,53,2,896,1
113,8,28,3,491,1
74,4,51,5,841,1
384,5,98,0,465,1
229,5,19,4,392,1
351,10,77,3,518,1
261,8,93,5,896,1
367,0,17,3,624,0
204,8,94,1,366,1
355,0,58,5,748,1
186,6,3,5,329,1
347,0,83,3,114,0
395,1,97,5,494,1
320,7,15,3,238,1
111,1,33,2,208,0
371,3,99,4,241,1
75,3,31,3,670,0
200,8,63,4,763,1
175,2,57,4,521,0
162,4,8,1,303,0
302,0,11,3,679,0
78,10,88,1,124,0
324,0,65,3,199,0
208,5,14,3,615,1
126,9,84,5,538,1
202,1,88,3,853,1
231,5,39,3,387,1
201,1,16,4,650,0
315,7,62,2,536,1
203,10,37,3,653,1
348,10,14,4,545,1
345,1,3,3,508,0
74,4,85,1,881,0
289,4,93,3,678,1
316,5,6,1,446,0
318,0,1,3,899,0
50,9,22,3,764,1
131,10,34,1,791,1
90,7,79,5,145,1
227,6,21,0,359,0
311,8,15,0,205,0
388,7,21,4,412,1
76,4,10,3,612,0
318,3,8,2,457,0
389,7,54,3,610,1
318,7,53,1,894,1
271,9,58,2,181,1
152,1,99,2,368,0
378,3,41,1,159,0
52,2,92,1,812,0
88,0,99,5,186,0
172,3,92,0,211,0
85,9,5,3,297,1
242,6,39,4,314,1
322,0,71,3,647,0
205,6,96,5,115,1
86,8,3,1,601,0
53,10,64,5,176,1
320,8,54,0,440,1
91,6,33,5,701,1
161,7,74,1,775,1
239,6,46,3,520,1
232,7,71,5,771,1
75,5,18,4,843,1
68,0,94,4,547,0
146,1,92,1,784,0
135,5,6,0,258,0
206,8,100,4,141,1
174,8,16,3,837,1
320,7,84,3,727,1
93,8,54,5,804,1
114,0,33,0,456,0
239,7,87,2,228,1
55,9,23,3,864,1
336,4,40,5,842,1
146,8,64,1,200,0
230,3,77,3,381,0
261,6,56,2,373,1
288,3,21,4,793,1
58,7,16,3,517,0
231,2,7,2,529,0
156,1,92,1,622,0
297,2,38,1,488,0
219,8,56,4,285,1
380,1,84,3,821,1
122,7,98,2,623,1
236,5,67,0,106,0
250,7,95,5,377,1
50,0,45,2,785,0
394,4,44,2,376,1
153,4,22,1,119,0
259,0,72,1,840,0
189,5,68,4,455,1
288,8,30,3,338,1
160,8,45,5,197,1
268,7,10,4,448,1
113,10,80,4,736,1
72,10,99,2,771,1
51,4,8,5,822,1
80,5,26,1,633,0
297,10,57,0,281,1
399,1,35,1,214,0
188,5,44,1,476,0
291,10,30,2,815,1
168,10,3,2,832,1
279,2,13,2,474,0
128,6,46,1,599,0
74,7,16,0,309,0
242,2,26,4,255,0
98,6,47,1,463,0
247,8,86,3,656,1
189,6,33,3,854,1
146,9,17,1,754,1
328,7,57,0,137,0
324,3,79,1,872,1
352,3,15,3,653,1
209,10,30,1,414,1
139,6,7,0,777,0
377,10,12,3,549,1
197,8,83,1,281,1
67,7,15,0,897,0
130,5,41,0,481,0
174,8,98,1,128,0
120,3,63,5,722,1
371,1,64,5,480,1
143,0,24,5,758,0
313,10,40,1,439,1
240,3,83,4,540,1
391,6,69,4,621,1
148,6,38,3,421,1
378,4,71,2,185,1
359,10,36,5,476,1
283,10,14,5,598,1
272,6,35,4,840,1
155,9,17,2,873,1
372,1,27,4,173,0
340,9,53,5,375,1
133,2,35,1,589,0
280,9,20,0,388,1
168,5,55,2,807,1
215,6,81,2,494,1
88,3,24,4,546,0
138,5,12,2,450,0
328,9,6,2,120,1
263,2,38,1,406,0
318,0,11,0,285,0
109,10,65,5,132,1
357,9,3,1,737,1
340,4,76,1,481,1
191,9,17,0,739,1
67,10,36,0,168,0
103,5,21,4,259,0
347,0,7,0,727,0
140,6,6,2,249,0
142,8,95,0,639,1
203,5,33,0,424,0
181,9,73,3,602,1
229,8,63,4,302,1
83,2,97,4,337,0
89,1,24,1,184,0
154,4,23,2,633,0
394,4,100,3,207,1
120,8,89,0,462,0
368,9,61,4,102,1
274,4,94,0,325,0
143,3,16,1,152,0
169,5,49,4,338,1
174,1,65,5,653,1
296,1,62,0,424,0
176,0,15,2,607,0
286,9,88,5,491,1
295,8,93,5,689,1
251,10,1,5,735,1
298,3,35,3,882,1
95,3,58,1,517,0
150,4,7,3,400,0
55,7,2,4,594,1
394,3,67,3,465,1
272,2,61,3,333,0
194,8,81,1,659,1
352,10,51,1,302,1
314,1,22,0,355,0
267,10,22,2,391,1
246,9,30,2,371,1
179,5,43,2,894,1
345,6,60,3,391,1
330,2,92,0,241,0
286,6,49,5,200,1
332,2,23,0,776,0
375,1,49,5,566,1
284,10,16,2,863,1
322,8,26,5,488,1
213,9,7,4,223,1
309,0,66,4,751,1
270,6,6,1,892,1
100,9,32,2,697,1
370,10,27,1,105,1
335,3,8,2,885,1
237,3,35,4,826,1
151,2,49,1,658,0
369,3,5,0,169,0
361,5,51,4,181,1
60,2,18,0,376,0
203,4,71,2,705,1
356,2,44,4,820,1
87,0,68,4,386,0
264,0,16,1,376,0
211,0,59,2,235,0
265,6,84,1,187,0
391,1,39,4,302,0
67,3,81,1,187,0
67,6,62,3,785,1
278,6,82,2,173,1
116,1,16,4,665,0
275,10,63,3,661,1
64,2,84,1,166,0
94,6,1,3,664,0
250,10,35,5,773,1
276,1,80,1,588,0
109,5,98,0,548,0
355,0,78,4,355,0
339,3,64,0,711,0
335,7,74,2,141,1
60,8,97,2,199,0
168,6,50,2,648,1
167,9,45,2,371,1
100,2,63,0,817,0
180,7,16,3,190,0
303,1,75,5,882,1
213,3,21,4,410,0
283,2,66,4,564,1
74,0,61,1,696,0
371,3,68,2,490,1
80,3,69,1,608,0
290,6,86,4,779,1
71,6,28,4,290,0
237,1,71,2,151,0
230,5,51,0,728,0
131,0,34,1,512,0
224,5,44,2,232,0
376,10,86,1,892,1
400,10,37,0,575,1
116,7,2,5,214,1
246,2,10,1,864,0
295,10,85,2,803,1
262,10,45,5,660,1
335,9,60,0,308,1
381,5,79,3,660,1
70,1,7,2,510,0
187,9,36,1,778,1
134,8,74,1,820,1
87,0,2,5,340,0
195,4,92,2,141,0
180,0,67,0,262,0
278,9,55,5,234,1
255,5,90,2,778,1
293,0,35,3,893,0
175,7,63,0,618,0
316,10,70,0,139,1
243,3,3,1,517,0
169,5,96,1,485,0
107,2,96,1,714,0
119,2,10,4,329,0
369,1,12,3,377,0
267,8,14,3,650,1
170,6,43,1,743,1
68,9,5,0,578,0
187,2,18,2,289,0
69,5,96,1,688,0
298,1,2,1,278,0
128,3,95,0,393,0
259,3,30,4,248,0
355,10,87,2,218,1
223,6,90,1,768,1
239,7,48,3,557,1
243,6,2,5,111,1
83,9,28,0,330,0
76,5,40,1,677,0
303,3,30,4,803,1
218,1,37,3,774,0
119,7,1,5,178,1
203,0,17,3,114,0
374,7,69,5,433,1
296,8,97,0,487,1
137,0,53,0,533,0
286,0,48,3,230,0
297,0,43,0,670,0
237,5,2,5,440,1
85,5,88,3,214,0
382,6,33,1,838,1
178,3,88,3,672,1
148,6,93,3,107,0
195,1,25,2,677,0
379,8,85,5,456,1
150,1,42,3,411,0
261,0,40,1,256,0
304,8,97,0,191,1
135,5,85,0,326,0
351,0,11,5,820,1
368,9,58,0,473,1
75,3,23,0,174,0
304,2,74,3,766,1
379,8,72,4,688,1
371,2,45,2,243,0
332,0,20,2,246,0
391,0,28,4,462,0
337,1,66,3,528,1
63,3,87,3,689,0
337,2,61,5,558,1
157,10,62,5,759,1
200,9,22,0,556,1
269,2,43,5,646,1
66,4,19,0,216,0
191,3,91,4,812,1
209,6,51,4,890,1
320,3,38,1,836,1
237,1,47,4,381,0
349,8,81,4,467,1
97,4,94,2,563,0
280,8,40,2,301,1
266,6,37,4,687,1
157,1,28,1,631,0
57,4,58,4,626,1
315,4,93,5,233,1
283,8,67,3,854,1
108,5,52,4,354,0
302,10,33,2,425,1
90,10,59,2,537,1
306,2,79,5,185,1
335,1,21,4,313,0
146,3,50,3,614,0
122,5,88,2,675,1
351,0,59,4,479,1
67,7,22,4,265,0
154,6,8,0,523,0
250,9,33,4,728,1
348,0,72,0,203,0
274,1,41,2,220,0
208,8,47,4,653,1
175,7,20,0,729,0
330,10,34,3,272,1
306,6,43,2,452,1
161,0,80,3,876,0
91,10,77,3,420,1
181,8,67,1,827,1
394,2,21,4,356,1
105,4,32,2,291,0
281,4,47,4,900,1
281,3,84,3,724,1
135,1,71,4,294,0
313,0,15,0,745,0
63,0,11,2,565,0
138,2,24,3,249,0
306,1,48,5,447,1
386,6,73,3,153,1
133,10,80,3,742,1
356,8,24,1,431,1
289,7,15,4,247,1
378,10,44,5,529,1
205,8,44,2,442,1
84,8,40,0,704,0
361,10,96,0,620,1
260,0,49,5,547,1
281,8,18,1,272,0
365,0,92,0,762,0
172,8,43,4,697,1
89,6,49,0,584,0
348,5,3,5,158,1
273,5,65,1,136,0
198,10,61,2,443,1
181,3,4,5,202,0
336,3,81,0,604,0
213,5,38,4,722,1
324,6,57,3,663,1
212,3,67,4,616,1
202,8,87,0,363,1
301,7,40,0,886,1
229,3,52,0,552,0
181,4,61,4,900,1
358,6,99,2,286,1
271,7,100,0,266,1
101,7,41,3,231,0
309,2,90,4,381,1
130,0,92,3,374,0
157,0,24,4,874,0
342,3,36,3,814,1
377,7,11,4,399,1
336,1,30,1,189,0
240,6,9,2,892,1
88,7,18,1,698,0
141,2,28,4,453,0
377,3,85,1,653,1
325,6,78,5,655,1
243,10,48,1,797,1
78,10,90,3,124,1
82,5,84,1,626,0
320,3,60,2,160,0
98,6,81,1,209,0
111,10,13,4,443,1
398,5,93,0,451,1
350,2,44,2,759,1
214,10,36,5,806,1
56,1,62,2,210,0
53,3,100,0,293,0
87,3,70,0,711,0
307,7,64,1,336,1
334,7,51,2,259,1
339,2,99,0,752,0
233,5,28,2,279,0
53,9,8,2,627,1
293,5,16,3,388,1
112,0,68,2,593,0
304,4,48,1,550,0
60,1,6,0,552,0
269,9,45,2,331,1
77,9,15,3,757,1
123,0,51,2,701,0
69,6,49,4,473,1
170,3,75,0,791,0
121,9,11,5,465,1
143,1,20,2,128,0
226,5,45,1,286,0
156,0,30,4,743,0
283,7,58,1,136,0
69,2,57,5,802,1
285,5,56,2,660,1
389,5,11,3,214,1
211,10,86,0,602,1
171,8,88,4,761,1
228,10,44,0,108,0
290,9,100,2,519,1
252,0,68,3,364,0
69,1,61,1,175,0
62,7,53,3,770,1
312,10,43,1,290,1
372,7,61,1,547,1
344,1,3,1,437,0
322,2,73,0,653,0
60,9,3,0,361,0
102,6,23,2,312,0
106,3,23,4,242,0
331,0,74,1,262,0
129,8,22,4,263,1
363,5,73,0,136,0
297,3,93,2,463,1
140,8,17,2,793,1
307,0,51,0,669,0
382,5,83,4,667,1
312,7,29,2,341,1
100,6,46,3,323,0
396,0,86,4,879,1
105,9,99,3,433,1
365,0,14,2,776,0
53,5,49,3,831,1
268,2,5,2,833,0
70,9,88,0,643,1
105,9,78,4,292,1
271,3,28,4,520,1
179,7,54,0,731,1
244,2,55,1,465,0
80,1,36,2,658,0
348,8,47,1,552,1
239,3,30,1,144,0
218,5,46,1,160,0
239,0,70,4,690,1
360,0,23,0,786,0
135,2,7,1,461,0
236,5,89,5,204,1
275,6,1,3,508,1
304,1,56,2,739,0
270,2,57,5,603,1
291,6,20,1,614,1
169,5,24,2,751,1
170,10,57,1,855,1
169,6,75,0,251,0
367,9,11,0,279,1
190,7,76,2,156,0
164,3,8,4,802,1
115,10,13,2,781,1
85,0,6,2,382,0
277,7,79,2,146,1
400,7,7,1,687,1
281,2,72,3,807,1
232,2,72,0,464,0
108,1,82,2,892,0
239,9,34,3,670,1
162,10,23,4,107,1
358,6,40,5,486,1
82,9,50,5,632,1
333,9,48,2,257,1
305,0,22,5,354,0
381,1,89,2,308,0
162,9,81,4,108,1
79,9,53,2,644,1
357,1,32,5,161,0
325,10,59,1,198,1
271,1,75,3,475,0
246,2,96,0,356,0
213,4,29,1,571,0
241,3,19,0,436,0
288,8,85,3,401,1
143,0,98,3,547,0
389,3,47,5,502,1
150,1,35,3,274,0
237,4,66,2,437,0
281,10,54,4,485,1
76,8,47,1,610,1
121,3,96,5,636,1
107,5,96,3,457,1
87,2,50,1,220,0
304,3,94,0,526,0
278,5,89,3,732,1
320,4,99,1,365,1
266,3,93,5,744,1
76,4,54,2,718,0
337,10,3,0,270,1
218,8,2,1,371,0
80,6,68,4,469,1
218,5,72,5,897,1
166,4,20,3,798,1
327,10,11,1,462,1
307,0,81,3,321,0
69,3,95,1,115,0
71,0,20,4,238,0
77,8,18,3,873,1
385,9,26,1,668,1
276,2,2,1,807,0
282,1,100,3,897,1
117,0,51,5,232,0
253,6,44,5,438,1
344,4,93,3,858,1
155,2,68,5,688,1
96,5,44,1,449,0
193,10,49,4,712,1
157,1,45,0,341,0
146,5,49,2,847,1
90,2,42,1,681,0
183,5,44,3,276,0
257,10,75,2,242,1
63,0,44,5,885,0
81,7,6,1,416,0
160,7,21,1,402,0
283,8,90,5,706,1
144,1,80,1,589,0
234,5,5,2,777,1
264,10,29,5,452,1
283,6,43,3,786,1
317,0,20,4,821,1
144,8,26,1,210,0
285,8,15,0,888,1
159,1,12,0,621,0
210,1,36,1,404,0
84,7,10,0,696,0
320,4,65,0,372,0
126,8,24,1,744,1
94,6,37,4,552,1
266,6,13,1,436,0
158,10,91,1,773,1
315,2,67,5,375,1
373,8,31,2,504,1
303,6,95,1,444,1
376,9,99,5,587,1
371,9,4,1,210,1
202,3,26,1,475,0
140,8,57,0,313,0
270,3,73,4,662,1
361,9,87,2,662,1
382,10,92,3,173,1
386,6,68,3,318,1
383,9,1,0,121,0
317,7,42,5,157,1
133,7,20,2,795,1
336,0,85,2,150,0
80,0,90,1,183,0
193,6,44,1,238,0
259,8,66,4,872,1
329,6,20,4,463,1
291,7,81,3,473,1
311,8,29,0,795,1
261,8,7,0,275,0
86,9,5,5,301,1
194,3,28,1,231,0
235,9,6,3,837,1
175,2,23,3,596,0
379,4,56,4,504,1
307,9,23,2,829,1
281,5,50,3,741,1
398,2,24,1,268,0
352,7,46,3,878,1
352,0,91,1,734,0
226,7,52,0,559,0
278,4,37,0,272,0
217,6,59,3,115,0
276,3,88,3,113,0
54,4,78,3,584,0
169,1,41,0,200,0
284,5,91,1,371,1
350,3,93,0,550,0
212,8,80,5,114,1
240,1,92,1,435,0
178,3,87,4,599,1
302,0,78,4,267,0
304,5,72,4,512,1
230,9,19,4,713,1
389,6,14,5,243,1
388,8,53,2,807,1
309,3,93,5,524,1
371,2,77,1,115,0
216,1,8,4,608,0
333,3,69,2,595,1
269,5,14,3,341,0
192,6,92,5,197,1
114,5,95,5,440,1
348,7,81,5,238,1
127,6,42,3,695,1
196,6,18,2,386,0
252,7,6,4,599,1
269,7,64,3,166,1
247,6,78,0,268,0
145,5,13,1,444,0
168,0,100,0,105,0
378,2,44,1,339,0
76,3,11,1,567,0
229,10,42,3,196,1
153,3,24,3,739,0
231,6,73,4,765,1
114,3,57,0,297,0
375,5,67,4,199,1
284,4,66,2,857,1
145,0,40,4,205,0
303,9,16,2,530,1
352,9,69,0,768,1
366,4,41,3,121,0
171,2,14,2,682,0
234,1,88,0,686,0
110,3,47,3,538,0
58,1,24,4,446,0
372,2,7,3,763,1
55,6,2,0,551,0
207,4,34,3,723,1
292,5,29,4,790,1
136,4,16,2,188,0
146,10,21,1,577,1
105,9,9,3,451,1
86,7,44,5,586,1
248,5,39,1,640,0
231,9,86,3,848,1
396,8,78,4,308,1
132,0,65,0,689,0
277,2,26,2,627,0
183,6,39,3,369,1
114,5,54,4,818,1
332,0,100,0,115,0
206,1,47,3,542,0
284,4,29,2,268,0
309,5,12,0,620,0
205,8,43,2,769,1
235,7,2,2,127,0
298,4,72,4,156,1
361,10,20,3,294,1
59,6,81,0,538,0
331,9,79,3,258,1
370,1,7,0,187,0
86,3,8,2,728,0
102,8,41,1,450,0
393,5,38,2,454,1
154,3,44,2,743,0
172,2,60,2,268,0
210,7,39,4,394,1
103,7,37,0,334,0
384,8,42,4,765,1
57,9,25,5,462,1
233,0,85,0,102,0
254,9,54,1,891,1
236,5,97,2,303,1
264,6,38,1,461,0
147,3,65,4,742,1
81,1,50,4,300,0
250,1,25,1,257,0
394,7,72,2,749,1
361,10,57,1,202,1
358,7,38,5,832,1
389,4,27,4,297,1
137,2,7,4,129,0
113,9,63,4,674,1
379,7,30,4,855,1
246,7,24,4,374,1
155,9,9,2,353,1
74,2,96,3,638,0
219,6,66,5,836,1
93,9,75,2,636,1
273,9,8,0,265,0
177,2,100,4,211,0
191,7,12,0,302,0
51,6,49,2,415,0
385,8,25,5,842,1
86,8,96,4,134,1
236,0,74,1,470,0
253,9,12,0,193,0
66,5,11,5,117,0
311,3,47,0,553,0
382,2,2,2,211,0
195,0,49,0,225,0
277,10,77,5,853,1
185,2,62,2,739,0
203,2,43,2,103,0
268,3,14,2,202,0
284,0,52,0,874,0
369,9,52,3,733,1
250,7,38,4,729,1
363,7,49,1,338,1
78,4,15,5,105,0
94,0,37,2,658,0
182,9,45,1,706,1
68,2,84,5,103,0
387,5,96,4,424,1
93,1,9,5,143,0
97,5,35,1,147,0
249,3,75,5,403,1
282,2,50,5,742,1
96,10,35,4,296,1
201,2,98,3,588,1
266,7,6,2,676,1
250,5,41,2,467,0
237,2,60,4,343,0
252,5,9,4,522,1
251,2,28,4,789,1
386,7,94,4,135,1
129,2,99,2,899,1
332,7,87,1,469,1
345,8,48,3,857,1
199,5,67,5,238,1
369,10,82,5,121,1
239,5,18,0,248,0
293,5,18,0,205,0
139,10,91,3,265,1
122,4,73,2,430,0
86,6,45,5,790,1
219,2,98,2,498,0
282,6,40,3,874,1
190,3,47,4,210,0
103,0,30,4,800,0
304,1,78,3,769,1
351,9,85,3,204,1
63,0,18,2,726,0
134,8,72,3,151,1
226,8,83,4,532,1
250,6,95,2,135,1
88,7,43,4,867,1
347,0,28,3,658,0
257,10,42,3,780,1
342,1,46,2,536,0
376,2,66,4,329,1
277,5,84,4,232,1
336,6,100,0,499,1
94,2,94,2,862,0
114,9,16,5,533,1
314,1,15,2,462,0
78,6,4,0,570,0
61,3,79,3,670,0
144,4,84,0,426,0
301,3,58,5,467,1
293,7,83,2,823,1
391,6,89,1,558,1
386,6,75,3,422,1
206,5,75,2,133,0
238,5,7,3,607,1
101,5,93,4,305,1
203,10,78,5,513,1
370,8,96,4,794,1
141,1,99,5,242,0
295,2,15,3,510,0
388,1,11,3,738,1
206,1,3,5,461,0
227,4,99,4,320,1
297,8,50,5,269,1
194,2,60,3,335,0
90,0,1,4,224,0
146,3,58,3,471,0
381,1,57,0,705,0
140,3,49,0,808,0
147,3,21,4,191,0
343,8,71,3,397,1
160,2,77,4,821,1
226,0,38,4,506,0
374,3,99,5,463,1
276,4,70,1,686,1
214,10,74,0,615,1
189,5,89,2,378,0
260,6,4,4,756,1
89,9,72,2,234,1
124,9,18,1,893,1
225,3,13,2,877,0
175,4,33,5,479,1
96,4,11,1,324,0
162,4,5,1,682,0
211,6,30,0,669,0
147,3,87,3,717,1
286,7,53,0,802,1
182,10,88,0,269,1
287,7,81,0,452,1
343,9,54,0,696,1
304,0,46,3,180,0
316,4,99,0,796,1
313,3,9,5,438,1
233,8,10,5,595,1
156,10,6,2,550,1
281,5,23,5,126,1
362,8,5,0,776,1
362,7,74,5,481,1
252,0,13,5,875,1
131,4,72,4,164,0
132,6,1,1,524,0
257,7,9,3,267,1
237,6,18,0,800,0
252,10,64,4,492,1
90,1,63,5,111,0
268,3,52,2,554,0
357,3,35,4,683,1
123,9,44,3,601,1
275,8,23,3,545,1
189,8,48,3,202,1
385,2,21,5,382,1
292,1,54,4,656,1
214,3,95,3,436,1
342,10,25,2,328,1
252,3,60,2,195,0
362,8,72,2,894,1
67,10,29,2,553,1
271,0,8,0,542,0
60,6,14,2,582,0
239,6,80,4,551,1
132,3,5,4,138,0
107,8,74,1,798,1
274,9,5,0,815,1
304,0,30,5,244,0
170,9,49,3,498,1
343,0,35,3,401,0
274,3,75,1,305,0
261,7,47,0,802,1
183,8,23,5,129,1
266,3,50,5,820,1
374,10,1,0,825,1
294,4,78,1,363,0
136,8,89,5,530,1
370,2,15,5,543,1
324,6,20,3,251,1
226,9,54,5,873,1
335,5,43,2,694,1
351,10,59,0,287,1
339,9,26,0,148,0
294,5,42,4,497,1
154,8,86,3,532,1
67,8,71,2,514,1
350,7,62,2,673,1
102,4,94,5,122,0
249,10,20,1,565,1
381,10,52,0,682,1
131,6,98,0,140,0
116,6,98,3,236,1
242,0,57,0,768,0
251,3,59,2,469,0
330,6,78,1,850,1
352,8,58,1,401,1
201,2,99,1,393,0
201,0,64,2,881,0
393,10,81,1,795,1
240,5,53,2,754,1
346,1,91,0,451,0
275,4,66,3,537,1
137,0,94,2,343,0
139,3,5,3,443,0
117,0,12,3,645,0
284,0,44,5,878,1
204,0,82,2,368,0
191,4,84,1,699,0
114,4,51,3,236,0
55,3,45,5,891,1
194,1,50,0,197,0
130,10,6,3,131,1
130,3,24,3,205,0
278,10,98,3,625,1
84,6,59,3,166,0
314,7,75,2,397,1
185,2,52,5,701,1
306,4,27,1,679,0
151,8,28,2,151,0
222,4,47,0,759,0
336,3,12,1,199,0
336,7,67,0,780,1
396,5,50,5,133,1
148,9,91,3,482,1
166,7,63,2,594,1
380,5,48,4,113,1
147,2,31,0,874,0
373,2,49,5,207,1
281,6,41,0,108,0
302,2,44,3,431,0
55,6,77,0,582,0
298,3,26,4,572,1
326,0,77,0,438,0
109,6,38,2,300,0
71,5,86,3,692,1
263,6,54,2,152,0
122,0,89,2,438,0
57,10,99,4,808,1
354,1,9,2,450,0
354,5,41,5,230,1
101,10,71,4,309,1
176,8,29,0,737,1
315,1,59,0,332,0
312,1,29,2,572,0
318,0,1,0,794,0
127,2,44,0,421,0
106,7,87,1,739,1
281,3,32,1,259,0
124,8,17,1,134,0
73,9,11,5,522,1
217,1,93,0,795,0
194,9,39,1,591,1
65,10,9,1,875,1
143,6,59,0,527,0
330,3,10,5,788,1
198,7,46,2,271,0
81,0,84,5,169,0
238,6,6,1,374,0
127,2,44,5,333,0
256,5,82,4,268,1
177,7,37,3,272,1
169,10,41,1,612,1
185,0,78,3,343,0
208,4,52,4,125,0
72,3,25,4,708,0
152,4,38,0,131,0
189,6,77,4,220,1
114,4,50,2,776,0
169,6,17,4,730,1
193,5,51,0,536,0
275,9,35,3,818,1
102,6,52,5,371,1
57,9,43,1,439,0
54,3,1,5,608,0
52,5,56,1,496,0
389,4,85,0,131,0
381,10,44,0,277,1
113,2,3,1,484,0
364,6,98,3,419,1
270,7,51,5,837,1
177,4,65,1,220,0
256,9,65,5,819,1
146,1,73,5,320,0
70,1,28,1,453,0
107,7,21,0,179,0
373,1,80,5,884,1
204,2,74,2,275,0
147,1,55,4,583,0
226,3,59,5,191,1
337,10,11,5,185,1
269,9,65,5,259,1
101,7,38,0,250,0
373,2,68,0,138,0
152,4,71,1,724,0
140,6,10,1,754,0
101,5,52,5,455,1
224,3,34,3,532,0
169,1,29,1,636,0
54,10,59,2,738,1
293,10,77,2,330,1
122,6,33,1,845,1
181,6,33,0,139,0
380,10,55,0,211,1
61,0,32,0,797,0
192,5,58,0,621,0
62,1,71,1,811,0
131,8,69,3,100,1
113,9,66,1,751,1
120,3,1,0,107,0
263,8,15,0,280,0
139,9,92,1,720,1
351,1,4,1,342,0
174,4,17,5,572,1
60,9,78,4,426,1
297,7,85,0,336,1
50,3,1,3,891,0
107,10,47,5,741,1
271,5,67,4,709,1
108,6,20,5,488,1
372,4,7,0,493,0
283,7,76,0,175,0
105,2,91,0,416,0
74,6,23,3,323,0
382,5,81,5,169,1
60,5,86,1,158,0
84,10,49,5,165,1
212,2,45,2,745,0
241,7,41,5,439,1
272,4,28,5,256,1
150,6,68,2,568,1
191,0,70,1,436,0
302,0,67,1,623,0
109,4,72,2,625,0
178,4,17,4,498,0
61,8,19,5,821,1
221,4,94,4,540,1
319,7,78,4,776,1
311,4,7,5,528,1
50,6,42,1,663,0
243,6,28,2,317,0
99,0,98,2,149,0
319,6,22,3,553,1
328,6,91,3,174,1
134,0,20,2,552,0
214,6,36,1,456,0
361,5,27,4,479,1
325,7,75,3,599,1
102,10,86,3,147,1
81,1,33,3,649,0
367,3,7,4,440,1
79,10,40,2,344,1
361,6,17,3,412,1
98,8,42,5,660,1
112,3,88,0,836,0
225,10,21,5,591,1
338,3,59,3,374,1
183,5,92,5,628,1
389,8,39,1,435,1
176,10,51,4,105,1
362,9,3,3,218,1
350,9,15,1,318,1
391,8,86,4,893,1
324,1,29,2,872,0
188,6,26,5,805,1
89,1,71,3,894,0
283,9,70,2,702,1
373,9,77,1,559,1
171,5,93,5,876,1
217,8,30,0,762,1
320,7,31,3,748,1
333,5,88,5,779,1
265,7,3,5,177,1
312,4,64,0,221,0
339,8,9,4,870,1
86,9,72,4,454,1
121,10,23,5,652,1
340,8,95,2,763,1
360,0,81,4,268,0
196,7,14,0,341,0
268,5,27,4,721,1
371,3,43,5,181,1
322,2,79,5,441,1
342,8,95,3,506,1
256,4,10,0,900,0
328,4,57,1,492,0
217,6,85,2,816,1
177,8,47,2,707,1
62,3,57,1,766,0
110,8,69,0,386,0
251,0,32,3,267,0
105,6,39,2,635,0
192,10,96,2,852,1
267,3,24,3,768,1
158,1,75,4,835,1
214,3,9,5,380,0
233,5,81,4,454,1
76,1,87,0,540,0
188,10,62,3,220,1
118,0,23,1,431,0
357,2,33,3,504,1
353,4,14,3,545,1
320,9,53,4,796,1
375,1,71,3,893,1
80,1,15,4,397,0
306,8,63,2,340,1
274,2,58,4,401,1
363,7,63,4,817,1
321,3,27,1,606,0
313,8,38,4,638,1
151,0,7,4,884,0
286,5,9,0,274,0
248,8,46,4,656,1
54,9,28,0,326,0
317,0,68,1,267,0
201,3,16,5,661,1
175,2,53,0,488,0
102,1,58,3,153,0
60,2,31,1,649,0
145,10,23,4,321,1
249,3,93,1,688,1
364,7,45,0,241,0
141,4,24,1,608,0
346,1,18,3,303,0
386,2,53,4,419,1
56,5,34,0,222,0
253,7,80,0,318,0
157,7,44,2,895,1
272,1,70,4,328,0
89,3,25,1,565,0
198,4,47,2,126,0
133,9,26,5,611,1
285,6,21,1,705,1
205,4,95,2,618,1
100,10,82,5,127,1
277,3,90,5,509,1
199,9,9,4,453,1
344,0,12,4,739,1
108,4,20,0,451,0
103,7,21,3,275,0
272,6,19,2,749,1
110,6,8,0,660,0
372,6,34,1,739,1
200,1,72,4,108,0
120,5,43,4,447,1
139,2,28,4,721,0
371,10,80,1,215,1
241,8,85,5,712,1
80,7,48,3,193,0
299,4,1,1,260,0
390,6,63,2,302,1
305,7,69,1,898,1
168,5,36,5,263,1
145,4,63,4,792,1
79,5,48,1,199,0
233,1,89,5,390,1
295,2,62,1,590,0
229,8,94,1,155,1
355,6,12,1,188,0
262,3,11,2,246,0
76,1,3,4,495,0
129,1,33,1,333,0
143,0,63,4,212,0
103,7,86,0,281,0
116,5,90,5,870,1
81,3,26,0,555,0
323,1,49,1,235,0
146,6,19,1,711,0
377,7,9,3,599,1
368,9,36,1,516,1
393,1,74,4,685,1
333,4,75,0,504,0
197,10,12,4,841,1
361,10,62,2,602,1
199,0,91,0,306,0
307,8,53,3,601,1
61,9,72,4,351,1
366,2,94,2,334,0
319,5,28,1,146,0
313,3,64,2,611,1
342,2,28,5,871,1
326,6,27,1,673,1
199,6,34,3,518,1
93,5,94,4,856,1
204,3,76,2,803,1
223,4,12,2,272,0
350,5,17,5,532,1
251,9,36,0,262,0
98,5,52,4,522,1
67,4,19,5,212,0
346,2,68,4,570,1
345,3,43,3,427,1
57,0,49,1,611,0
325,10,81,0,335,1
349,5,53,2,437,1
347,3,73,4,805,1
194,6,78,0,769,1
91,2,44,3,835,0
256,8,29,2,211,1
338,7,72,4,367,1
307,5,61,0,817,1
188,2,42,5,551,1
66,5,69,1,350,0
196,3,62,2,271,0
108,2,64,4,480,0
150,1,12,3,339,0
113,6,66,3,125,0
298,0,26,5,329,0
217,0,90,0,779,0
173,2,79,2,760,0
331,6,44,1,158,0
314,1,45,3,770,1
259,10,71,1,624,1
135,3,72,0,725,0
145,6,61,3,253,0
187,4,37,3,503,0
130,0,78,3,101,0
160,9,31,2,109,0
110,2,39,4,687,0
189,7,77,0,150,0
353,4,36,0,576,0
185,8,87,1,316,1
112,8,36,3,645,1
174,0,94,0,349,0
62,10,37,1,770,1
193,3,62,0,195,0
168,9,91,0,436,1
160,4,70,1,477,0
253,10,54,2,728,1
85,10,44,0,439,0
372,3,94,5,803,1
104,3,98,4,228,0
178,10,49,2,871,1
233,9,90,0,497,1
265,9,48,3,109,1
292,3,83,1,708,1
220,6,97,2,758,1
149,3,29,2,239,0
378,4,1,2,500,1
198,1,32,1,293,0
320,6,91,4,467,1
151,2,30,2,384,0
327,6,77,5,807,1
365,9,44,0,746,1
136,1,10,3,738,0
284,6,20,2,853,1
256,0,14,5,729,1
352,9,97,4,558,1
166,6,50,0,881,1
212,1,68,2,843,0
142,9,76,2,125,1
284,0,87,1,855,0
121,7,48,5,896,1
61,9,88,1,870,1
157,7,47,5,106,1
385,4,69,3,352,1
191,5,82,2,157,0
130,6,20,5,103,0
370,8,76,0,278,1
325,5,16,0,175,0
79,7,81,1,664,1
323,6,80,5,130,1
271,9,24,1,542,1
204,7,49,1,551,1
348,6,25,1,725,1
83,3,20,0,276,0
355,2,71,4,484,1
393,4,14,4,665,1
83,2,5,0,871,0
376,0,35,3,449,0
397,1,15,0,186,0
248,2,25,4,220,0
338,1,86,3,228,0
231,2,14,2,554,0
181,6,40,3,132,0
167,5,66,3,880,1
157,5,43,2,621,0
309,10,15,4,363,1
261,4,79,0,700,0
234,2,34,4,762,1
79,4,28,0,838,0
92,10,40,2,635,1
324,7,67,3,519,1
399,2,23,4,366,1
185,6,2,3,521,1
369,4,44,2,430,1
370,0,25,3,810,1
241,9,15,4,635,1
172,3,50,4,124,0
385,10,42,5,664,1
399,1,48,1,746,0
173,1,28,5,885,1
213,0,45,4,119,0
348,0,56,3,384,0
185,3,41,2,248,0
184,9,68,2,829,1
282,1,54,2,555,0
374,0,2,0,442,0
301,1,33,3,611,0
364,7,1,0,373,0
85,9,99,2,645,1
233,10,77,1,670,1
353,6,87,5,312,1
79,9,69,5,813,1
352,7,96,0,300,1
311,2,76,2,530,0
148,9,68,4,791,1
217,0,4,1,186,0
228,1,62,2,106,0
55,0,28,4,573,0
296,10,81,3,349,1
158,9,91,5,597,1
81,5,85,1,140,0
160,0,85,1,599,0
215,5,46,0,211,0
266,9,91,1,286,1
99,5,94,4,399,1
242,7,34,2,366,1
326,1,38,0,640,0
256,3,35,5,511,1
108,3,81,5,470,1
204,4,53,1,525,0
146,5,19,5,614,1
280,3,4,5,857,1
106,8,81,3,725,1
304,6,56,0,122,0
342,5,88,0,465,1
301,4,89,4,752,1
366,1,96,0,661,0
80,10,62,0,468,1
215,0,58,0,449,0
167,5,48,4,151,0
361,10,29,2,866,1
220,6,52,0,385,0
164,2,19,1,655,0
232,10,11,3,160,1
304,9,47,0,196,1
106,3,70,4,712,1
346,5,36,2,280,1
247,8,26,2,309,1
287,8,66,5,572,1
364,3,36,2,363,0
392,3,93,1,736,1
392,7,86,2,265,1
328,1,92,0,134,0
81,3,65,2,143,0
174,8,49,3,839,1
112,6,65,4,777,1
260,10,13,1,750,1
316,10,39,2,345,1
374,8,100,3,106,1
75,6,28,5,804,1
263,5,77,1,187,0
176,7,100,3,834,1
140,5,92,2,516,1
256,6,88,1,695,1
149,0,18,1,825,0
364,6,45,4,376,1
228,6,71,3,394,1
79,10,57,4,677,1
106,3,20,5,105,0
188,5,91,4,536,1
94,1,77,3,264,0
115,3,57,5,891,1
157,3,87,1,657,0
173,7,22,0,701,0
298,4,85,1,283,0
107,4,34,3,167,0
134,9,50,1,252,0
167,2,23,3,406,0
62,5,79,1,131,0
144,0,78,5,733,1
106,2,90,3,849,1
135,9,35,2,767,1
100,3,28,3,126,0
124,1,8,5,882,0
55,6,63,0,285,0
109,8,41,3,451,1
333,8,37,4,671,1
165,4,14,4,682,1
322,2,66,3,272,0
61,6,58,2,676,0
391,8,16,0,535,1
287,9,3,1,340,1
268,3,34,3,448,0
87,6,97,1,112,0
176,9,60,4,181,1
107,3,46,4,275,0
53,4,83,2,440,0
244,0,56,2,445,0
303,5,40,2,128,0
385,8,76,3,765,1
87,5,5,1,633,0
393,0,15,3,377,0
196,1,27,5,257,0
211,2,39,2,738,0
172,2,39,3,506,0
129,4,66,0,215,0
394,5,83,1,404,1
239,3,32,0,129,0
281,10,84,4,875,1
245,1,96,3,382,0
334,0,95,0,451,0
223,2,3,4,206,0
65,6,51,5,251,1
341,0,4,2,433,0
85,1,34,2,676,0
194,5,45,3,772,1
104,4,16,4,566,0
77,1,5,1,833,0
343,4,81,4,169,1
206,5,61,1,319,0
222,2,6,2,400,0
185,5,77,1,840,1
170,3,3,2,465,0
312,8,24,2,401,1
225,1,13,5,589,0
133,6,83,4,545,1
177,10,73,0,793,1
96,3,64,1,364,0
332,7,56,0,170,0
188,10,45,3,442,1
143,0,39,0,192,0
393,2,45,5,230,1
391,0,84,3,668,1
75,6,6,0,776,0
250,4,58,2,755,1
307,2,16,5,804,1
192,7,36,3,130,0
57,8,44,0,838,0
182,8,43,0,356,0
51,3,73,0,469,0
371,1,55,5,821,1
194,1,99,0,734,0
191,7,72,1,662,1
300,7,88,5,614,1
169,9,2,3,165,1
349,6,90,0,302,1
180,4,74,1,722,0
88,1,4,0,503,0
147,10,31,1,864,1
218,0,96,0,222,0
110,6,16,3,287,0
183,1,2,0,162,0
242,5,29,0,184,0
99,10,87,3,149,1
350,1,65,4,419,1
145,7,90,1,431,1
310,7,76,1,717,1
52,8,72,5,868,1
326,1,51,0,594,0
250,8,6,4,649,1
156,9,61,1,152,0
69,9,33,0,628,0
189,2,61,2,518,0
